filename,fold,author
1161364/iNat1216197.ogg,1,Lucas Barbosa
1161364/iNat1114648.ogg,1,Lucas Barbosa
1161364/iNat810195.ogg,1,Lucas Barbosa
1161364/iNat818781.ogg,1,Lucas Barbosa
1161364/iNat556514.ogg,1,Lucas Barbosa
1161364/iNat868369.ogg,4,Carlos Otávio Gussoni
1161364/iNat842139.ogg,2,Pedro Cavalcante
1161364/iNat840159.ogg,2,Pedro Cavalcante
1161364/iNat1264238.ogg,1,Alexandre S. Michelotto
1161364/iNat869958.ogg,0,Vitor C. Dias Gonçalves
1161364/iNat547199.ogg,2,Douglas Henrique Bottura Maccagnan
116570/iNat1460166.ogg,4,Unknown
1176823/iNat936019.ogg,4,Nadia Naab
1176823/iNat1708543.ogg,2,Hugo
1176823/iNat389418.ogg,3,Geografiaargentina
1176823/iNat188986.ogg,0,Nadia Bach
1176823/iNat145706.ogg,0,lorenzohughes
1176823/iNat1641731.ogg,1,Iker Aparicio
1176823/iNat845830.ogg,1,Javier Piquillén
1176823/iNat730318.ogg,2,vinicius_s_domingues
1176823/iNat730319.ogg,2,vinicius_s_domingues
1176823/iNat1269019.ogg,3,Gabriel Laufer
1176823/iNat819936.ogg,1,Pablo H Capovilla
1176823/iNat829107.ogg,4,Alan Hentz
1595929/iNat1308166.ogg,4,Sebastián Gómez Barboza Silveira
1595929/iNat1679888.ogg,4,Sebastián Gómez Barboza Silveira
1595929/iNat1242532.ogg,3,Gabriel Laufer
1595929/iNat1242529.ogg,3,Gabriel Laufer
1595929/XC999239.ogg,2,Franco Vushurovich
209233/iNat1545859.ogg,3,Moses J. Michelsohn
209233/iNat864998.ogg,0,Sam
22930/iNat897105.ogg,4,Esteban Diego Koch
22930/iNat317238.ogg,0,Diego Santana
22930/iNat910967.ogg,4,Rich Hoyer
22930/iNat1248662.ogg,0,geraldomorais
22930/XC940773.ogg,3,Fernanda Fernandex
22930/iNat330099.ogg,3,Laurent Quéno
22956/iNat1301818.ogg,1,Valentín Alfano
22956/iNat1284850.ogg,1,Daniela Luján Ogeda
22956/iNat1693371.ogg,2,Agustín Gabriel Álvarez
22956/iNat1702693.ogg,2,Agustín Gabriel Álvarez
22956/iNat1300149.ogg,0,Damián Ganime
22956/iNat1298529.ogg,0,Damián Ganime
22956/iNat1261831.ogg,1,Daniela Luján Ogeda
22956/iNat1693794.ogg,4,Unknown
22956/iNat972765.ogg,4,Nadia Naab
22956/iNat60929.ogg,0,Sebastián Mántaras
22956/iNat1701222.ogg,4,em-hix
22956/iNat1711085.ogg,0,mik
22956/iNat879304.ogg,1,Pau
22956/iNat182971.ogg,2,JuanMa PerezIglesias
22956/XC900618.ogg,1,Guillermo Treboux
22956/iNat886570.ogg,2,vinicius_s_domingues
22956/iNat1257825.ogg,3,Sebastián
22956/iNat854298.ogg,0,Leonardo Adrián LEIVA
22956/iNat1705476.ogg,3,Gabriel Laufer
22956/iNat1637913.ogg,4,Sebastián Gómez Barboza Silveira
22956/iNat1307619.ogg,4,Sebastián Gómez Barboza Silveira
22956/iNat1723893.ogg,4,Sebastián Gómez Barboza Silveira
22956/iNat1307645.ogg,4,Sebastián Gómez Barboza Silveira
22956/iNat1245289.ogg,4,Celso Henrique Varela Rios
22956/iNat1282546.ogg,4,Unknown
22956/iNat1282547.ogg,4,Unknown
22956/iNat859870.ogg,3,Luiz Ugioni
22956/iNat859871.ogg,3,Luiz Ugioni
22956/iNat327340.ogg,3,Laurent Quéno
22956/iNat328497.ogg,3,Laurent Quéno
22956/iNat330827.ogg,3,Laurent Quéno
22956/iNat804970.ogg,2,Liu Idárraga Orozco
22961/iNat846512.ogg,4,Clarice Dorocinski
22961/iNat1662496.ogg,4,Esteban Diego Koch
22961/iNat1657948.ogg,2,Amaël Borzée
22961/iNat839121.ogg,4,Carlos Otávio Gussoni
22961/XC1062603.ogg,3,Fabrício Grigolin
22961/iNat512578.ogg,4,Jennifer Rycenga
22967/iNat56387.ogg,1,Pablo Preliasco
22967/iNat321313.ogg,4,Leandro Bareiro Guiñazú
22967/iNat1697350.ogg,4,B Howe
22967/iNat1448422.ogg,3,Guille Ivan Spajic
22967/iNat1698104.ogg,0,Vicente Pantoja
22967/iNat1698107.ogg,0,Vicente Pantoja
22967/iNat1698105.ogg,0,Vicente Pantoja
22967/iNat911059.ogg,4,Rich Hoyer
22973/iNat28425.ogg,3,João Gava Just
22973/iNat326860.ogg,3,Guille Ivan Spajic
22973/iNat326854.ogg,3,Guille Ivan Spajic
22973/iNat330457.ogg,4,Gonzalo Diaz
22973/iNat326966.ogg,3,Guille Ivan Spajic
22973/iNat1257589.ogg,1,HUGO DAVID CAVERZASI
22973/iNat1257590.ogg,1,HUGO DAVID CAVERZASI
22973/iNat839779.ogg,3,Rony Ristow
22973/iNat1267679.ogg,3,Joplo
22973/iNat887040.ogg,1,Leonardo Breder Passalacqua
22973/iNat887102.ogg,1,Leonardo Breder Passalacqua
22973/iNat348132.ogg,1,lucasforti
22973/iNat581610.ogg,1,lucasforti
22973/iNat348440.ogg,1,lucasforti
22973/iNat348441.ogg,1,lucasforti
22973/iNat583590.ogg,3,abbsf
22973/iNat583591.ogg,3,abbsf
22973/iNat870999.ogg,1,lucasforti
22973/iNat599374.ogg,4,Carlos Otávio Gussoni
22973/iNat599375.ogg,4,Carlos Otávio Gussoni
22973/iNat154035.ogg,4,Carlos Otávio Gussoni
22973/iNat1299089.ogg,0,fabiana dos santos de oliveira rosin
22973/iNat157085.ogg,4,Carlos Otávio Gussoni
22973/iNat576552.ogg,4,Ademir Carosia
22973/iNat879832.ogg,2,Liu Idárraga Orozco
22973/iNat879833.ogg,2,Liu Idárraga Orozco
22973/XC1062605.ogg,3,Fabrício Grigolin
22973/iNat859872.ogg,3,Luiz Ugioni
22973/iNat1243033.ogg,2,Felipe Andrade
22973/iNat1243080.ogg,2,Felipe Andrade
22973/iNat1677772.ogg,3,Betty Flores Llampa
22973/iNat331404.ogg,3,Laurent Quéno
22973/iNat1675887.ogg,4,Unknown
22973/XC1065541.ogg,3,GABRIEL LEITE
22973/iNat1698103.ogg,0,Vicente Pantoja
22973/iNat58920.ogg,0,Arthur Gomes
22973/iNat343840.ogg,3,Lucas C. Marinho
22973/iNat556448.ogg,0,Jorge L. Peña
22973/XC167037.ogg,4,Ottavio Janni
22973/XC915924.ogg,0,Sara L. Castro (Museo de Historia Natural Unillanos)
22973/iNat630711.ogg,0,Erick Nicolas Patino Acosta
22973/iNat992788.ogg,3,adurand
22973/iNat1431353.ogg,2,Julien Piolain
22973/iNat1320384.ogg,1,verneau
22973/iNat781822.ogg,1,naya_nao
22973/iNat1353836.ogg,1,verneau
22973/iNat502463.ogg,3,Grupo Herpetos
22973/XC929100.ogg,1,Augustin Bussac
22973/XC929101.ogg,1,Augustin Bussac
22973/XC928991.ogg,1,Augustin Bussac
22973/iNat327135.ogg,4,Marley T. Gómez-Rincón
22973/iNat1251026.ogg,3,Felipe Barrera Ocampo
22973/iNat1460521.ogg,4,Franceschi
22973/iNat318716.ogg,4,Unknown
22973/iNat1645288.ogg,0,Jo Westmaas
22973/XC892932.ogg,2,Chris Harrison
22973/iNat28982.ogg,2,Chris Harrison
22973/iNat218912.ogg,1,Dr M Chin Sue Min
22973/iNat287261.ogg,1,Dr M Chin Sue Min
22973/iNat1099468.ogg,4,Unknown
22973/iNat726873.ogg,1,Dr M Chin Sue Min
22973/XC892927.ogg,2,Chris Harrison
22973/iNat29017.ogg,2,Chris Harrison
22983/iNat347848.ogg,1,lucasforti
22983/iNat347849.ogg,1,lucasforti
22983/iNat1212830.ogg,2,José Wagner Ribeiro Júnior
22983/iNat830655.ogg,2,José Wagner Ribeiro Júnior
22983/iNat193774.ogg,4,João Vitor Oliveira de Souza
22983/iNat551114.ogg,4,Rafael Silva
22983/iNat551115.ogg,4,Rafael Silva
22983/iNat1243038.ogg,2,Felipe Andrade
22983/iNat1243068.ogg,2,Felipe Andrade
22983/iNat585817.ogg,3,Laurent Quéno
22985/iNat51963.ogg,4,Sidnei Dantas
22985/XC929102.ogg,1,Augustin Bussac
22985/iNat1421747.ogg,0,augustinbussac
22985/iNat989398.ogg,4,leprendre
22985/iNat992409.ogg,4,leprendre
22985/iNat1560301.ogg,2,Julien Piolain
23150/iNat1243039.ogg,2,Felipe Andrade
23154/iNat567443.ogg,1,Alexandre S. Michelotto
23154/iNat569351.ogg,0,Arthur Gomes
23154/iNat1475114.ogg,3,Gabriel lima
23154/iNat1301738.ogg,3,Gabriel lima
23154/iNat1553517.ogg,3,Gabriel lima
23158/iNat1316143.ogg,1,Camilo Garcia Gonzalez
23158/XC926454.ogg,2,Franco Vushurovich
23158/iNat1303872.ogg,1,María Celeste Villalobo
23158/iNat1261183.ogg,1,Camilo Garcia Gonzalez
23158/iNat1263350.ogg,3,Franco Palandri
23158/XC900620.ogg,1,Guillermo Treboux
23158/iNat127451.ogg,1,Taiel Nazar
23158/iNat26878.ogg,2,Ezequiel Vera
23158/iNat1322093.ogg,0,Leonardo Adrián LEIVA
23158/iNat162196.ogg,3,Eduardo Luis Beltrocco
23158/iNat43914.ogg,0,Gustavo Fernando Durán
23158/iNat1324914.ogg,2,María Zeta
23158/iNat325681.ogg,4,Unknown
23158/iNat325682.ogg,4,Unknown
23158/iNat325667.ogg,4,Unknown
23158/iNat847906.ogg,4,Unknown
23158/iNat320941.ogg,4,Unknown
23158/iNat1727252.ogg,2,Margarita Koziol
23158/iNat1714979.ogg,1,Larissa Nuñez
23158/iNat1657967.ogg,2,Amaël Borzée
23158/iNat47151.ogg,3,Gabriel Celedon
23158/iNat910949.ogg,4,Rich Hoyer
23158/iNat161255.ogg,3,Morten Ross
23158/iNat368088.ogg,1,Andy Jordan
23158/XC1064073.ogg,3,GABRIEL LEITE
23176/iNat1099971.ogg,0,geraldomorais
23176/XC929082.ogg,1,Augustin Bussac
23176/iNat855633.ogg,0,augustinbussac
23176/iNat1293885.ogg,2,B. Phalan
23724/iNat249321.ogg,2,JuanMa PerezIglesias
24279/iNat845210.ogg,4,camigreen
24279/iNat164735.ogg,4,Mateo Cocimano
24279/iNat164736.ogg,4,Mateo Cocimano
24279/iNat340127.ogg,4,Gonzalo Diaz
24279/iNat339926.ogg,3,Guille Ivan Spajic
24279/iNat144573.ogg,4,Bernardo Lartigau
24279/iNat1315011.ogg,1,Roberto
24279/iNat205140.ogg,3,laura borse
24279/iNat580378.ogg,0,Nahuel
24279/iNat1663766.ogg,0,Andrea Talone Rìo
24279/iNat1271483.ogg,1,María Celeste Villalobo
24279/iNat1258487.ogg,1,Camilo Garcia Gonzalez
24279/iNat1264632.ogg,4,Unknown
24279/iNat1306335.ogg,1,Ramiro Pereira Garbero
24279/iNat87609.ogg,3,Gabriel Laufer
24279/iNat901847.ogg,2,vinicius_s_domingues
24279/iNat125223.ogg,1,Taiel Nazar
24279/iNat1699392.ogg,2,vinicius_s_domingues
24279/iNat335351.ogg,0,Leonardo Adrián LEIVA
24279/iNat163941.ogg,0,Leonardo Adrián LEIVA
24279/iNat56193.ogg,0,Leonardo Adrián LEIVA
24279/iNat139913.ogg,3,Eduardo Luis Beltrocco
24279/iNat322021.ogg,3,Eduardo Luis Beltrocco
24279/iNat57810.ogg,2,Romi Galeota Lencina
24279/iNat592632.ogg,3,Eduardo Luis Beltrocco
24279/iNat372693.ogg,2,Mauricio Silvera
24279/iNat859126.ogg,2,Adrian Antunez
24279/iNat1366909.ogg,4,Sebastián Gómez Barboza Silveira
24279/iNat1637974.ogg,4,Sebastián Gómez Barboza Silveira
24279/iNat1346600.ogg,4,Sebastián Gómez Barboza Silveira
24279/iNat1346601.ogg,4,Sebastián Gómez Barboza Silveira
24279/iNat1243256.ogg,3,Gabriel Laufer
24279/iNat1243257.ogg,3,Gabriel Laufer
24279/iNat1291381.ogg,4,Sebastián Gómez Barboza Silveira
24279/iNat1274660.ogg,3,kau
24279/iNat28427.ogg,3,João Gava Just
24279/iNat350835.ogg,3,João Gava Just
24279/iNat871017.ogg,3,Luiz Ugioni
24279/iNat1309643.ogg,3,João Gava Just
24279/iNat903481.ogg,3,"RAMOS, M. A."
24279/iNat1229050.ogg,3,Michelle Delaloye
24279/XC1039628.ogg,2,Guillaume Dillenseger
24279/XC1039627.ogg,2,Guillaume Dillenseger
24279/XC1039625.ogg,2,Guillaume Dillenseger
24279/iNat186161.ogg,4,Unknown
24279/iNat1435402.ogg,1,Silvia Ten
24285/iNat27560.ogg,3,João Gava Just
24285/iNat1277043.ogg,4,Unknown
24285/iNat1613381.ogg,4,Unknown
24285/XC1063445.ogg,0,Cid Espínola
24285/iNat1729440.ogg,4,Marcelo Schmidt Roberti
24285/iNat1208638.ogg,2,B. Phalan
24285/iNat1662493.ogg,4,Esteban Diego Koch
24285/iNat1662494.ogg,4,Esteban Diego Koch
24285/iNat1662501.ogg,4,Esteban Diego Koch
24285/XC1004236.ogg,3,Dante Buzzetti
24285/iNat347850.ogg,1,lucasforti
24285/iNat583587.ogg,3,abbsf
24285/iNat583588.ogg,3,abbsf
24285/iNat583484.ogg,1,lucasforti
24285/iNat583815.ogg,3,abbsf
24285/iNat586169.ogg,3,abbsf
24285/iNat586170.ogg,3,abbsf
24285/iNat550813.ogg,4,thiagolyra
24285/iNat158068.ogg,1,Guilherme A. Fischer
24287/iNat347569.ogg,1,lucasforti
24287/XC972398.ogg,0,Henry Miller Alexandre
24287/XC972399.ogg,0,Henry Miller Alexandre
24287/iNat328766.ogg,4,Carlos Otávio Gussoni
24287/iNat574406.ogg,4,CESAR
24287/iNat1253061.ogg,0,geraldomorais
24287/iNat1243016.ogg,2,Felipe Andrade
24287/XC929112.ogg,1,Augustin Bussac
24287/iNat855637.ogg,0,augustinbussac
24287/XC928990.ogg,1,Augustin Bussac
24287/iNat1044844.ogg,2,Julien Piolain
24321/iNat1657916.ogg,2,Amaël Borzée
24321/iNat251887.ogg,2,B. Phalan
244024/iNat269695.ogg,4,Jeff Cole
244024/iNat55191.ogg,4,Nicolás
244024/iNat1273075.ogg,1,Luís A. Funez
244024/iNat1272883.ogg,4,Patrícia Mees
244024/iNat571275.ogg,3,Rony Ristow
244024/iNat1265454.ogg,3,Rony Ristow
244024/iNat1265455.ogg,3,Rony Ristow
244024/iNat1265530.ogg,2,B. Phalan
244024/iNat150545.ogg,0,Sol Quipildor
244024/iNat858495.ogg,0,Bruno Lima
244024/iNat858494.ogg,0,Bruno Lima
244024/iNat144585.ogg,0,Bruno Lima
244024/iNat858493.ogg,0,Bruno Lima
244024/iNat564212.ogg,4,Rodrigo Paiva Lázaro
244024/iNat564213.ogg,4,Rodrigo Paiva Lázaro
244024/iNat836446.ogg,1,leticiacoelho
244024/iNat826149.ogg,0,isabelabernardi
244024/iNat816192.ogg,4,Luis Eduardo Albano
244024/iNat546950.ogg,2,Nigel Goodman
244024/iNat553405.ogg,4,Unknown
244024/iNat48471.ogg,4,Vera Lucia Caruso
244024/iNat54510.ogg,1,Eric Fischer Rempe
244024/iNat336684.ogg,1,Lucas Moreira
244024/iNat48510.ogg,0,Claudio Martins de Souza
244024/iNat333213.ogg,4,Gustavo Navarro
244024/iNat318740.ogg,3,Pedro Henrique Maloso Ramos
244024/iNat1214951.ogg,4,Lucas Kaminski
244024/iNat546848.ogg,2,newty_
244024/iNat559675.ogg,1,Lucas Barbosa
244024/iNat1264192.ogg,4,Unknown
244024/iNat1260620.ogg,4,Larry Chen
244024/iNat143918.ogg,3,Douglas Marcel Ramos Gomes
244024/iNat335560.ogg,0,Gil
244024/iNat820745.ogg,2,Daniel Duarte
244024/iNat820746.ogg,2,Daniel Duarte
244024/iNat829066.ogg,4,Carlos Otávio Gussoni
244024/iNat313447.ogg,3,Alessandro De Almeida
244024/iNat1231079.ogg,0,Jonas G Souza
244024/iNat143349.ogg,4,adrianaj
244024/iNat135972.ogg,1,Ester A. Patricio
244024/iNat307987.ogg,1,Ester A. Patricio
244024/iNat308155.ogg,1,Ester A. Patricio
244024/iNat308156.ogg,1,Ester A. Patricio
244024/iNat542490.ogg,1,Alexandre S. Michelotto
244024/iNat1219059.ogg,1,Alexandre S. Michelotto
244024/iNat551084.ogg,1,Sidney Alves Tadeu
244024/iNat551086.ogg,1,Sidney Alves Tadeu
244024/iNat551090.ogg,1,Sidney Alves Tadeu
244024/iNat1232682.ogg,4,Celso Henrique Varela Rios
244024/iNat556810.ogg,1,Elisa Barreto
244024/iNat30950.ogg,3,Eli Vieira
244024/iNat546877.ogg,2,Douglas Henrique Bottura Maccagnan
244024/iNat815959.ogg,4,Yandra K. M. Pitanga
244024/iNat906356.ogg,1,Evandro Mariano
244024/iNat332327.ogg,4,Carlos Otávio Gussoni
244024/iNat335883.ogg,4,Carlos Otávio Gussoni
244024/iNat333780.ogg,4,Carlos Otávio Gussoni
244024/iNat346440.ogg,4,Carlos Otávio Gussoni
244024/iNat346441.ogg,4,Carlos Otávio Gussoni
244024/iNat348562.ogg,4,Carlos Otávio Gussoni
244024/iNat348573.ogg,4,Carlos Otávio Gussoni
244024/iNat348579.ogg,4,Carlos Otávio Gussoni
244024/iNat331541.ogg,4,Carlos Otávio Gussoni
244024/iNat55999.ogg,0,Basílio Maciel
244024/iNat361156.ogg,3,Helio Lourencini
244024/iNat352298.ogg,3,Helio Lourencini
244024/iNat393911.ogg,3,Helio Lourencini
244024/iNat407846.ogg,3,Helio Lourencini
244024/iNat352306.ogg,3,Helio Lourencini
244024/iNat352305.ogg,3,Helio Lourencini
244024/iNat381263.ogg,3,Helio Lourencini
244024/iNat358501.ogg,3,Helio Lourencini
244024/iNat381262.ogg,3,Helio Lourencini
244024/iNat358497.ogg,3,Helio Lourencini
244024/iNat1273045.ogg,3,Gabriel lima
244024/iNat530050.ogg,0,Arthur Gomes
244024/iNat59726.ogg,4,Unknown
244024/iNat53420.ogg,4,Unknown
244024/iNat169078.ogg,3,Daniel Jose Berrocal Vergara
244024/iNat1320394.ogg,4,Mabelin
244024/iNat1320482.ogg,4,Mabelin
244024/iNat77266.ogg,3,celinalineth
244024/iNat1550821.ogg,4,Mabelin
244024/iNat1550932.ogg,4,Mabelin
244024/iNat1550933.ogg,4,Mabelin
244024/iNat66919.ogg,4,Kurt Mazur
244024/iNat970863.ogg,4,Adrien Nouailhane
244024/iNat1333630.ogg,4,Unknown
244024/iNat185104.ogg,1,Rodríguez Viky
244024/iNat68269.ogg,4,Jossué González
244024/iNat1406167.ogg,4,glnachte
244024/iNat1371659.ogg,4,glnachte
244024/iNat1339925.ogg,4,glnachte
244024/iNat961797.ogg,1,kimaw
244024/iNat1373432.ogg,4,Joshua Wade Covill
244024/iNat448296.ogg,3,El Inge David
244024/iNat706626.ogg,1,kwilson271
244024/iNat706618.ogg,1,kwilson271
244024/iNat103300.ogg,4,Unknown
244024/iNat18148.ogg,2,Ricardo Arredondo T.
244024/iNat715201.ogg,4,Unknown
244024/iNat466713.ogg,1,Rodolfo Salinas Villarreal
244024/iNat544404.ogg,2,Jon McIntyre
244024/iNat544407.ogg,2,Jon McIntyre
244024/iNat544406.ogg,2,Jon McIntyre
244024/iNat555559.ogg,4,Unknown
244024/iNat555560.ogg,4,Unknown
244024/iNat150497.ogg,1,Sam Kieschnick
244024/iNat141101.ogg,4,Unknown
244024/iNat332850.ogg,2,James Bailey
244024/iNat820986.ogg,2,Jon McIntyre
244024/iNat1117205.ogg,2,Jon McIntyre
244024/iNat218600.ogg,1,Sam Kieschnick
244024/iNat1583846.ogg,4,Unknown
244024/iNat1571981.ogg,4,Unknown
244024/iNat1246858.ogg,2,Jon McIntyre
244024/iNat1247081.ogg,3,kyejenkins
244024/iNat772811.ogg,2,Joseph Aubert
244024/iNat761913.ogg,0,JD Flores
244024/iNat761916.ogg,0,JD Flores
244024/iNat761919.ogg,0,JD Flores
244024/iNat761929.ogg,0,JD Flores
244024/iNat761931.ogg,0,JD Flores
244024/iNat769302.ogg,2,Jon McIntyre
244024/iNat1112016.ogg,2,Jon McIntyre
244024/iNat47747.ogg,2,Chris Harrison
244024/iNat1113920.ogg,4,Unknown
244024/iNat1111996.ogg,2,Jon McIntyre
244024/iNat483161.ogg,4,Michael Orgill
244024/iNat755631.ogg,2,Jon McIntyre
244024/iNat272319.ogg,2,Bruce Neville
244024/iNat272320.ogg,2,Bruce Neville
244024/iNat272321.ogg,2,Bruce Neville
244024/iNat272322.ogg,2,Bruce Neville
244024/iNat272323.ogg,2,Bruce Neville
244024/iNat272315.ogg,2,Bruce Neville
244024/iNat559739.ogg,2,Jon McIntyre
244024/iNat771757.ogg,1,rgte
244024/iNat488052.ogg,3,riverratramsey
244024/iNat762763.ogg,2,klkoskie
244024/iNat1556087.ogg,2,Jon McIntyre
244024/iNat477051.ogg,2,Jon McIntyre
244024/iNat474120.ogg,0,"Mike Quinn, San Marcos"
244024/iNat115859.ogg,4,Unknown
244024/iNat275121.ogg,2,Chris Harrison
244024/iNat491195.ogg,2,kcwernick
244024/iNat1556704.ogg,1,lorieng
244024/iNat1129161.ogg,0,Chris Bentley
244024/iNat1138652.ogg,3,Christina Salazar
244024/iNat785077.ogg,3,Christina Salazar
244024/iNat1137250.ogg,0,Jackie Hickman
244024/iNat1192376.ogg,3,anicacastillo
244024/iNat269784.ogg,3,gjquinn
244024/iNat269783.ogg,0,"Mike Quinn, San Marcos"
244024/iNat270935.ogg,1,Pamela
244024/iNat1601531.ogg,4,William Lucey
244024/iNat497426.ogg,1,csimpson99
244024/iNat125250.ogg,0,gweech
244024/iNat1577017.ogg,4,Roland Sauerland
244024/iNat124841.ogg,3,Cin-Ty Lee
244024/iNat773921.ogg,3,latteluna
244024/iNat271945.ogg,3,jaorndor
244024/iNat1563788.ogg,1,Brittany
244024/iNat267580.ogg,3,Caleb Helsel
244024/iNat280088.ogg,4,Rachel G
244024/iNat272301.ogg,3,rootimentarywitch
244024/iNat118194.ogg,4,Andy Blair
244024/iNat274006.ogg,3,Judy
244024/iNat273976.ogg,4,Unknown
244024/iNat1573678.ogg,0,"Mike Quinn, San Marcos"
244024/iNat492101.ogg,0,"Mike Quinn, San Marcos"
244024/iNat1142822.ogg,0,"Mike Quinn, San Marcos"
244024/iNat281067.ogg,0,"Mike Quinn, San Marcos"
244024/iNat497916.ogg,2,swampd
244024/iNat503289.ogg,2,swampd
244024/iNat1535354.ogg,2,Jon McIntyre
244024/iNat490210.ogg,3,dpcallender
244024/iNat140644.ogg,3,Caleb Helsel
244024/iNat134769.ogg,3,Caleb Helsel
244024/iNat129878.ogg,1,Victor Engel
244024/iNat129893.ogg,1,Victor Engel
25092/iNat856885.ogg,1,Ramiro Pereira Garbero
25092/iNat876244.ogg,1,Pau
25092/iNat1294611.ogg,1,Pau
25092/iNat1323826.ogg,1,Pau
25092/iNat1291332.ogg,1,María Celeste Villalobo
25092/XC999247.ogg,2,Franco Vushurovich
25092/iNat1301466.ogg,1,Camilo Garcia Gonzalez
25092/iNat1264634.ogg,4,Unknown
25092/iNat1288388.ogg,4,Emilio civale
25092/iNat733455.ogg,2,vinicius_s_domingues
25092/iNat840133.ogg,2,vinicius_s_domingues
25092/iNat845826.ogg,2,vinicius_s_domingues
25092/iNat854292.ogg,0,Leonardo Adrián LEIVA
25092/iNat855263.ogg,0,Leonardo Adrián LEIVA
25092/iNat1645314.ogg,4,Sebastián Gómez Barboza Silveira
25092/iNat887381.ogg,4,Carolina Caberlon
25092/iNat27557.ogg,3,João Gava Just
25092/iNat887394.ogg,4,Carolina Caberlon
25092/iNat153841.ogg,0,Miguel Angelo Biz
25092/iNat818131.ogg,4,Esteban Diego Koch
25092/XC1062318.ogg,0,Cid Espínola
25092/XC1068709.ogg,4,Guillermo Menéndez (gmmv80)
25092/iNat1727229.ogg,1,Guillermo Menéndez
25092/iNat1727231.ogg,1,Guillermo Menéndez
25092/iNat581598.ogg,1,lucasforti
25092/iNat581599.ogg,1,lucasforti
25214/iNat1253406.ogg,2,AGNALDO CORREA DE ASSIS
25214/iNat1242890.ogg,2,Felipe Andrade
25214/iNat1242888.ogg,2,Felipe Andrade
326272/iNat1693789.ogg,4,Unknown
326272/iNat1707540.ogg,1,Juan Urrutia
326272/iNat868538.ogg,4,Nadia Naab
326272/iNat1299066.ogg,0,Andrea Talone Rìo
326272/iNat588384.ogg,2,Hugo
326272/iNat1303382.ogg,1,María Celeste Villalobo
326272/iNat859133.ogg,4,Luis Vescia da Rosa
326272/iNat197834.ogg,3,Victor Maximiliano Pardo
326272/iNat886566.ogg,2,vinicius_s_domingues
326272/iNat840132.ogg,2,vinicius_s_domingues
326272/iNat1256990.ogg,3,Sebastián
326272/iNat1256991.ogg,3,Sebastián
326272/iNat1256992.ogg,3,Sebastián
326272/iNat849379.ogg,0,Gustavo Fernando Durán
326272/iNat330025.ogg,3,Tomás Carranza Perales
326272/iNat333626.ogg,3,Tomás Carranza Perales
326272/iNat337809.ogg,3,Tomás Carranza Perales
326272/iNat1676857.ogg,1,Guillermo Andreo
326272/iNat338897.ogg,2,Silvio Montani
326272/iNat1579289.ogg,1,Guillermo Andreo
326272/iNat805812.ogg,1,Eduardo Nadal
326272/XC1039610.ogg,2,Guillaume Dillenseger
326272/XC1039609.ogg,2,Guillaume Dillenseger
326272/XC1039612.ogg,2,Guillaume Dillenseger
326272/iNat580369.ogg,3,Guille Ivan Spajic
326272/iNat1247082.ogg,3,Malena GS
326272/iNat280719.ogg,2,JuanMa PerezIglesias
326272/iNat1239246.ogg,4,Fabricio Gorleri
41970/XC992981.ogg,1,George Vlad
41970/XC1044064.ogg,2,JAYRSON ARAUJO DE OLIVEIRA
41970/iNat1226073.ogg,2,Jordan Wolf
41970/XC564865.ogg,0,Cedric Mroczko
41970/XC564871.ogg,0,Cedric Mroczko
41970/XC564872.ogg,0,Cedric Mroczko
41970/XC564870.ogg,0,Cedric Mroczko
41970/XC564868.ogg,0,Cedric Mroczko
41970/XC564869.ogg,0,Cedric Mroczko
41970/XC564880.ogg,0,Cedric Mroczko
41970/XC564866.ogg,0,Cedric Mroczko
41970/XC564885.ogg,0,Cedric Mroczko
41970/XC564867.ogg,0,Cedric Mroczko
41970/XC998917.ogg,3,Delaitre guillaume
41970/XC998920.ogg,3,Delaitre guillaume
41970/iNat1533995.ogg,1,Henri Lodieu
41970/XC1002183.ogg,3,Seth Beaudreault
41970/iNat327629.ogg,4,Unknown
41970/XC1010403.ogg,0,Leander Khil
41970/iNat1015847.ogg,3,Juan Cruzado Cortés
41970/iNat1015848.ogg,3,Juan Cruzado Cortés
43435/iNat742666.ogg,2,Nilo Casco
43435/XC960449.ogg,2,Guilherme Melo
43435/XC960448.ogg,2,Guilherme Melo
43435/iNat172602.ogg,0,Gustavo Fernando Durán
43435/iNat208008.ogg,4,Leandro Bareiro Guiñazú
43435/iNat1477433.ogg,4,Leandro Bareiro Guiñazú
43435/iNat62638.ogg,4,Leandro Bareiro Guiñazú
43435/iNat1263221.ogg,1,Guillermo Menéndez
43435/XC962291.ogg,4,Guillermo Menéndez (gmmv80)
43435/iNat538617.ogg,4,Ben Costamagna
43435/iNat1054872.ogg,0,fabiana dos santos de oliveira rosin
43435/iNat1651689.ogg,3,Laurent Quéno
43435/iNat1243479.ogg,1,Murilo Oliveira
43435/iNat1243480.ogg,1,Murilo Oliveira
47144/iNat849604.ogg,0,Klaus Riede
47144/iNat1717935.ogg,0,Jordan H
47144/iNat1615027.ogg,0,Jordan H
47144/iNat1151177.ogg,3,🪶🐾🍀Nandan Sreejith🦌🍄🌍
47144/iNat1487841.ogg,0,Sophia Christensen
47144/iNat569990.ogg,3,jalexca
47144/iNat797909.ogg,1,moksh123
47144/iNat1378794.ogg,4,Miles 小智
47144/iNat1080459.ogg,3,歐陽秀華
47144/iNat1366168.ogg,3,歐陽秀華
47144/iNat484556.ogg,3,歐陽秀華
47144/iNat408017.ogg,3,歐陽秀華
47144/iNat635684.ogg,3,歐陽秀華
47144/iNat420011.ogg,3,歐陽秀華
47144/iNat1199534.ogg,3,歐陽秀華
47144/iNat1693578.ogg,3,歐陽秀華
47144/iNat519653.ogg,3,歐陽秀華
47144/iNat1124821.ogg,3,歐陽秀華
47144/iNat624420.ogg,3,歐陽秀華
47144/iNat437856.ogg,3,歐陽秀華
47144/iNat1132656.ogg,1,bfbd6789
47144/iNat1132657.ogg,1,bfbd6789
47144/iNat1132658.ogg,1,bfbd6789
47144/iNat1132659.ogg,1,bfbd6789
47144/iNat1334302.ogg,1,Mohammad Marafi
47144/iNat1315851.ogg,1,Mohammad Marafi
47144/iNat1729636.ogg,3,Ajay Malik.
47144/iNat1346356.ogg,4,Pin-Tsen JIN
47144/iNat1346365.ogg,4,Pin-Tsen JIN
47144/iNat1317366.ogg,2,Maksymilian Wojtkiewicz
47144/iNat611709.ogg,4,pearicaa
47144/iNat1559514.ogg,1,Fethiye Arslantaş
47144/XC993966.ogg,4,Olivier SWIFT
47144/iNat1594275.ogg,1,Serena Chassany
47144/XC679837.ogg,2,Stanislas Wroza
47144/iNat1721928.ogg,0,Alexander Baransky
47144/iNat698048.ogg,0,Alexander Baransky
47144/iNat129984.ogg,0,Ivlev-Konstantin-Sergeevith
47144/iNat101837.ogg,0,Degtyarev Nikolai Ivanovich
47144/iNat101838.ogg,0,Degtyarev Nikolai Ivanovich
47144/XC1045485.ogg,1,Lars Lachmann
47144/iNat1695608.ogg,2,Maksymilian Wojtkiewicz
47144/iNat1191939.ogg,2,Elmo Karkotsky
476521/iNat304839.ogg,0,Arthur Gomes
476521/iNat330833.ogg,3,Laurent Quéno
476521/iNat1648597.ogg,2,Jean Martins
516975/iNat22239.ogg,4,João Menezes
555123/iNat859875.ogg,3,Luiz Ugioni
555123/iNat1370876.ogg,1,Ricardo Dislich
555123/iNat336366.ogg,2,Jean Martins
555145/iNat179807.ogg,1,HUGO DAVID CAVERZASI
555145/iNat172617.ogg,0,Francisco González Táboas
555145/iNat937677.ogg,4,Rich Hoyer
555145/iNat139216.ogg,0,Marllus Rafael Almeida
555145/iNat1242826.ogg,2,Felipe Andrade
555145/XC903862.ogg,0,Jarol Fernando Vaca
555145/XC929078.ogg,1,Augustin Bussac
555145/iNat1421758.ogg,0,augustinbussac
555145/iNat1711696.ogg,1,Evan Centanni
555146/iNat320503.ogg,4,Leandro Bareiro Guiñazú
555146/XC949664.ogg,4,Guillermo Menéndez (gmmv80)
555146/iNat1657895.ogg,2,Amaël Borzée
555146/XC1062610.ogg,3,Fabrício Grigolin
555146/iNat897998.ogg,4,Esteban Diego Koch
555146/iNat911117.ogg,4,Rich Hoyer
555146/iNat1375734.ogg,3,Gabriel Laufer
555146/iNat1375753.ogg,3,Gabriel Laufer
555146/iNat1263318.ogg,1,José Weslley
555146/iNat1263319.ogg,1,José Weslley
555146/iNat772491.ogg,0,Marllus Rafael Almeida
555146/iNat772493.ogg,0,Marllus Rafael Almeida
555146/iNat772492.ogg,0,Marllus Rafael Almeida
555146/iNat972579.ogg,2,Breno Farias
555146/iNat982664.ogg,4,Unknown
555146/iNat63334.ogg,0,Arthur Gomes
555146/XC950136.ogg,3,Arnaud Aury
555146/iNat1421757.ogg,0,augustinbussac
64898/iNat897991.ogg,4,Esteban Diego Koch
64898/XC1065545.ogg,3,GABRIEL LEITE
64898/iNat16952.ogg,4,Rich Hoyer
65377/iNat1372639.ogg,4,Valentín Vidal
65377/iNat903692.ogg,2,vinicius_s_domingues
65377/iNat935962.ogg,2,vinicius_s_domingues
65377/iNat730290.ogg,2,vinicius_s_domingues
65377/iNat1613360.ogg,4,Unknown
65377/iNat899889.ogg,2,vinicius_s_domingues
65377/iNat1613419.ogg,4,Unknown
65377/iNat1592917.ogg,4,Unknown
65377/iNat1484802.ogg,3,Guille Ivan Spajic
65377/iNat161701.ogg,0,Frederico Acaz Sonntag
65377/iNat1592915.ogg,4,Unknown
65377/iNat924044.ogg,2,Liu Idárraga Orozco
65377/iNat924035.ogg,2,Liu Idárraga Orozco
65377/iNat924036.ogg,2,Liu Idárraga Orozco
65377/XC1043284.ogg,0,Cid Espínola
65377/iNat809514.ogg,2,Romi Galeota Lencina
65377/iNat1195477.ogg,2,Helena Ody Neves
65377/iNat1195478.ogg,2,Helena Ody Neves
65377/iNat1725174.ogg,2,Paula Batista
65377/XC1004237.ogg,3,Dante Buzzetti
65377/iNat1321386.ogg,3,Nereston (Nelinho) Camargo
65377/iNat350007.ogg,2,joaobovolon
65377/iNat347572.ogg,1,lucasforti
65377/iNat348429.ogg,1,lucasforti
65377/iNat347851.ogg,1,lucasforti
65377/iNat581606.ogg,1,lucasforti
65377/iNat348157.ogg,1,lucasforti
65377/iNat581603.ogg,1,lucasforti
65377/iNat581604.ogg,1,lucasforti
65377/iNat583467.ogg,1,lucasforti
65377/XC971185.ogg,0,Henry Miller Alexandre
65377/XC971980.ogg,0,Henry Miller Alexandre
65377/iNat1243022.ogg,2,Felipe Andrade
65377/XC905710.ogg,1,Rodrigo Dela Rosa
65377/XC905709.ogg,1,Rodrigo Dela Rosa
65377/XC905708.ogg,1,Rodrigo Dela Rosa
65377/iNat154034.ogg,4,Carlos Otávio Gussoni
65377/iNat791928.ogg,0,fabiana dos santos de oliveira rosin
65377/iNat141187.ogg,2,JULIO CESAR GONZALEZ FILIPINO
65377/XC1006275.ogg,3,Dante Buzzetti
65377/iNat1676955.ogg,1,Carlos Justiniano Parada
65377/iNat181418.ogg,2,Jean Martins
65377/iNat181436.ogg,2,Jean Martins
65377/iNat181417.ogg,2,Jean Martins
65377/XC883499.ogg,2,Daniel Capella
65377/XC1008740.ogg,3,Hugo Foxonet
65380/iNat1650638.ogg,2,Amaël Borzée
65380/iNat1650639.ogg,2,Amaël Borzée
65380/iNat578404.ogg,4,campwebb12
65380/iNat1291365.ogg,1,María Celeste Villalobo
65380/iNat1261184.ogg,1,Camilo Garcia Gonzalez
65380/XC999238.ogg,2,Franco Vushurovich
65380/iNat167360.ogg,0,Leonardo Adrián LEIVA
65380/iNat854293.ogg,0,Leonardo Adrián LEIVA
65380/iNat163943.ogg,0,Leonardo Adrián LEIVA
65380/iNat163944.ogg,0,Leonardo Adrián LEIVA
65380/iNat869968.ogg,3,Luiz Ugioni
65380/iNat595521.ogg,3,"RAMOS, M. A."
65380/iNat545992.ogg,0,Micael De Bona
65380/iNat208015.ogg,4,Leandro Bareiro Guiñazú
65380/iNat1662490.ogg,4,Esteban Diego Koch
65380/iNat1720866.ogg,4,Unknown
65380/XC1066017.ogg,3,GABRIEL LEITE
65380/iNat309375.ogg,1,Marcos Severgnini
65380/iNat586401.ogg,0,Afonso Carlos
65380/iNat160751.ogg,0,Marllus Rafael Almeida
65380/iNat1181991.ogg,2,vinicius_s_domingues
65380/iNat196918.ogg,1,Breno Figueiredo
65380/iNat680964.ogg,3,abbsf
66971/iNat163948.ogg,0,Leonardo Adrián LEIVA
66971/iNat163939.ogg,0,Leonardo Adrián LEIVA
66971/iNat1241669.ogg,3,Tomás Carranza Perales
66971/iNat330584.ogg,1,Pablo H Capovilla
66971/iNat1337447.ogg,1,Pablo H Capovilla
67107/iNat869726.ogg,3,Adolfo Palavecino
67107/XC897239.ogg,1,Guillermo Treboux
67107/iNat1635719.ogg,4,Sebastián Gómez Barboza Silveira
67107/XC1039651.ogg,2,Guillaume Dillenseger
67107/iNat1208961.ogg,3,Rony Ristow
67107/iNat145251.ogg,0,Sol Quipildor
67107/XC952975.ogg,2,Richard Fleming
67107/iNat70590.ogg,4,Celso Henrique Varela Rios
67107/iNat314794.ogg,4,Carlos Otávio Gussoni
67107/iNat1200164.ogg,4,mantovanelli
67107/iNat1668289.ogg,4,Unknown
67107/XC1003088.ogg,3,Dante Buzzetti
67107/iNat1644752.ogg,1,Guilherme A. Fischer
67107/iNat499592.ogg,4,Unknown
67252/iNat933802.ogg,2,Nilo Casco
67252/iNat1257838.ogg,1,Guillermo Menéndez
67252/XC952184.ogg,4,Guillermo Menéndez (gmmv80)
67252/XC929104.ogg,1,Augustin Bussac
67252/iNat1451488.ogg,4,Unknown
67252/XC1000114.ogg,2,Sergio Chaparro-Herrera
70711/iNat1301472.ogg,1,Camilo Garcia Gonzalez
70711/iNat261953.ogg,2,Breno Farias
738183/iNat1468130.ogg,1,Guillermo Menéndez
738183/XC999131.ogg,4,Guillermo Menéndez (gmmv80)
738183/iNat492616.ogg,2,Fernando Costa Straube
738183/iNat507314.ogg,4,Carlos Otávio Gussoni
738183/iNat507316.ogg,4,Carlos Otávio Gussoni
74113/XC987237.ogg,2,Guilherme Melo
74113/XC1067103.ogg,4,Esperanza Poveda
74113/XC1067102.ogg,4,Esperanza Poveda
74113/XC1067101.ogg,4,Esperanza Poveda
74113/XC1067100.ogg,4,Esperanza Poveda
74113/XC1066320.ogg,4,Esperanza Poveda
74113/XC1067099.ogg,4,Esperanza Poveda
74113/XC992449.ogg,4,Olivier SWIFT
74113/iNat1463593.ogg,3,Константин
74113/XC1039325.ogg,0,Teet Sirotkin
74580/iNat1152501.ogg,3,MarcosHalemFelix
74580/XC991442.ogg,2,Guilherme Melo
74580/iNat717618.ogg,0,mazolekstaff
760266/iNat792679.ogg,4,Rodrigo Paiva Lázaro
760266/iNat451611.ogg,4,Rodrigo Paiva Lázaro
760266/iNat382322.ogg,4,Carlos Otávio Gussoni
760266/iNat609771.ogg,4,Carlos Otávio Gussoni
760266/iNat175194.ogg,4,Carlos Otávio Gussoni
760266/iNat379362.ogg,4,Carlos Otávio Gussoni
760266/iNat1101522.ogg,4,Rich Hoyer
ashgre1/XC684562.ogg,1,Luiz C.  Silva
ashgre1/XC594096.ogg,1,Luiz C.  Silva
ashgre1/XC586661.ogg,1,Luiz C.  Silva
ashgre1/XC421675.ogg,0,Fernando Igor de Godoy
ashgre1/XC295564.ogg,0,Fernando Igor de Godoy
ashgre1/XC838398.ogg,2,JAYRSON ARAUJO DE OLIVEIRA
ashgre1/XC288341.ogg,2,Marcelo Villegas
ashgre1/XC314071.ogg,1,Jeremy Minns
ashgre1/XC211181.ogg,1,Jeremy Minns
ashgre1/XC711281.ogg,2,JAYRSON ARAUJO DE OLIVEIRA
ashgre1/XC115713.ogg,2,Andrew Spencer
ashgre1/XC704346.ogg,2,JAYRSON ARAUJO DE OLIVEIRA
ashgre1/XC563371.ogg,2,JAYRSON ARAUJO DE OLIVEIRA
ashgre1/XC422363.ogg,2,JAYRSON ARAUJO DE OLIVEIRA
ashgre1/XC713778.ogg,2,JAYRSON ARAUJO DE OLIVEIRA
ashgre1/XC464934.ogg,4,Crizanto B. De-Carvalho
ashgre1/XC619792.ogg,2,JAYRSON ARAUJO DE OLIVEIRA
ashgre1/XC619791.ogg,2,JAYRSON ARAUJO DE OLIVEIRA
ashgre1/XC556103.ogg,2,JAYRSON ARAUJO DE OLIVEIRA
ashgre1/XC556102.ogg,2,JAYRSON ARAUJO DE OLIVEIRA
ashgre1/XC838099.ogg,2,JAYRSON ARAUJO DE OLIVEIRA
ashgre1/XC82230.ogg,1,Jeremy Minns
ashgre1/XC985373.ogg,2,JAYRSON ARAUJO DE OLIVEIRA
ashgre1/XC965398.ogg,2,JAYRSON ARAUJO DE OLIVEIRA
ashgre1/XC963333.ogg,2,JAYRSON ARAUJO DE OLIVEIRA
ashgre1/XC803715.ogg,2,JAYRSON ARAUJO DE OLIVEIRA
ashgre1/XC422366.ogg,2,JAYRSON ARAUJO DE OLIVEIRA
ashgre1/XC237384.ogg,2,Quintas Filho
ashgre1/iNat963674.ogg,3,MarcosHalemFelix
ashgre1/iNat398205.ogg,0,Luciano Bernardes
ashgre1/XC344801.ogg,2,Daniel Blamires
ashgre1/XC840155.ogg,2,JAYRSON ARAUJO DE OLIVEIRA
ashgre1/XC818332.ogg,2,JAYRSON ARAUJO DE OLIVEIRA
ashgre1/XC692037.ogg,2,JAYRSON ARAUJO DE OLIVEIRA
ashgre1/XC692035.ogg,2,JAYRSON ARAUJO DE OLIVEIRA
ashgre1/XC692029.ogg,2,JAYRSON ARAUJO DE OLIVEIRA
ashgre1/XC171176.ogg,3,GABRIEL LEITE
ashgre1/XC413512.ogg,2,JAYRSON ARAUJO DE OLIVEIRA
ashgre1/XC63532.ogg,1,Joseph Tobias and Nathalie Seddon
ashgre1/XC63531.ogg,1,Joseph Tobias and Nathalie Seddon
ashgre1/XC63529.ogg,1,Joseph Tobias and Nathalie Seddon
ashgre1/XC391691.ogg,4,Jacob Wijpkema
ashgre1/XC603911.ogg,4,Jacob Wijpkema
ashgre1/XC837889.ogg,2,JAYRSON ARAUJO DE OLIVEIRA
ashgre1/XC837981.ogg,2,JAYRSON ARAUJO DE OLIVEIRA
ashgre1/XC264107.ogg,3,Sebastian K. Herzog
ashgre1/XC2292.ogg,0,Sjoerd Mayer
ashgre1/XC2285.ogg,0,Sjoerd Mayer
ashgre1/XC781744.ogg,4,Jacob Wijpkema
ashgre1/XC606726.ogg,4,Jacob Wijpkema
ashgre1/XC604132.ogg,4,Jacob Wijpkema
ashgre1/XC781742.ogg,4,Jacob Wijpkema
ashgre1/XC2667.ogg,0,Sjoerd Mayer
ashgre1/XC344050.ogg,0,Tulio Dornas
ashgre1/XC708780.ogg,3,Dante Buzzetti
ashgre1/XC698675.ogg,0,Tulio Dornas
ashgre1/XC799754.ogg,3,Dante Buzzetti
ashgre1/XC427494.ogg,2,Caio Brito
ashgre1/XC323639.ogg,1,Jeremy Minns
ashgre1/XC82229.ogg,1,Jeremy Minns
ashgre1/iNat52960.ogg,4,Unknown
ashgre1/XC648684.ogg,3,Dante Buzzetti
ashgre1/XC855459.ogg,2,JAYRSON ARAUJO DE OLIVEIRA
ashgre1/XC150322.ogg,1,Herman van Oosten
ashgre1/XC142241.ogg,0,Dan Lane
ashgre1/XC142240.ogg,0,Dan Lane
ashgre1/XC764123.ogg,1,Guilherme de Melo Becher
ashgre1/XC764122.ogg,1,Guilherme de Melo Becher
ashgre1/XC297050.ogg,4,Ross Gallardy
ashgre1/XC297048.ogg,4,Ross Gallardy
ashgre1/XC297049.ogg,4,Ross Gallardy
ashgre1/XC762459.ogg,3,GABRIEL LEITE
ashgre1/XC180993.ogg,4,Mike Nelson
ashgre1/XC150301.ogg,1,Herman van Oosten
ashgre1/XC817243.ogg,2,JAYRSON ARAUJO DE OLIVEIRA
ashgre1/XC769560.ogg,2,JAYRSON ARAUJO DE OLIVEIRA
ashgre1/XC289449.ogg,1,Jeremy Minns
ashgre1/XC288719.ogg,1,Jeremy Minns
ashgre1/XC974663.ogg,2,JAYRSON ARAUJO DE OLIVEIRA
ashgre1/XC974662.ogg,2,JAYRSON ARAUJO DE OLIVEIRA
ashgre1/XC974661.ogg,2,JAYRSON ARAUJO DE OLIVEIRA
ashgre1/XC118668.ogg,3,GABRIEL LEITE
ashgre1/XC466524.ogg,0,Dan Lane
ashgre1/XC293832.ogg,0,Dan Lane
ashgre1/XC293831.ogg,0,Dan Lane
ashgre1/XC791105.ogg,0,Fernando Igor de Godoy
ashgre1/iNat522965.ogg,0,Gustavo Gonsioroski
ashgre1/XC325554.ogg,3,GABRIEL LEITE
ashgre1/XC942160.ogg,3,Dante Buzzetti
ashgre1/XC301341.ogg,0,Fernando Igor de Godoy
ashgre1/iNat222942.ogg,0,Gustavo Gonsioroski
ashgre1/iNat882058.ogg,0,Gustavo Gonsioroski
ashgre1/iNat344251.ogg,0,Gustavo Gonsioroski
ashgre1/XC135192.ogg,1,Alex Lees
ashgre1/XC836532.ogg,3,Ricardo Gagliardi
ashgre1/XC8627.ogg,3,Nick Athanas
ashgre1/iNat1005716.ogg,2,Julien Piolain
ashgre1/iNat986935.ogg,4,leprendre
ashgre1/iNat1400791.ogg,4,leprendre
ashgre1/iNat992413.ogg,4,leprendre
ashgre1/XC450815.ogg,4,Brice de la Croix
ashgre1/XC520379.ogg,2,Rolf A. de By
ashgre1/XC609971.ogg,0,Arne Thelin
ashgre1/XC492254.ogg,0,Arne Thelin
ashgre1/XC516434.ogg,2,Rolf A. de By
ashgre1/XC516395.ogg,2,Rolf A. de By
astcra1/XC558005.ogg,1,Enric Fontcuberta 
astcra1/XC174015.ogg,2,João Antônio de B. Vitto
astcra1/iNat554130.ogg,0,María Belén Dri
astcra1/iNat554129.ogg,0,María Belén Dri
astcra1/XC174743.ogg,2,João Antônio de B. Vitto
astcra1/XC410153.ogg,1,Rosendo Fraga
astcra1/iNat289640.ogg,1,Pablo H Capovilla
astcra1/XC358389.ogg,1,Nestor Fariña
astcra1/XC381493.ogg,1,Nestor Fariña
astcra1/XC381433.ogg,1,Nestor Fariña
astcra1/XC381432.ogg,1,Nestor Fariña
astcra1/XC381429.ogg,1,Nestor Fariña
astcra1/XC381487.ogg,1,Nestor Fariña
astcra1/XC452532.ogg,3,Rosendo Manuel Fraga
astcra1/iNat1493006.ogg,2,Simón Pla García
astcra1/iNat1493004.ogg,2,Simón Pla García
astcra1/iNat1496895.ogg,2,Simón Pla García
astcra1/iNat1485354.ogg,3,Guille Ivan Spajic
astcra1/XC1019019.ogg,3,Marcos E. Sosa
astcra1/iNat1460296.ogg,3,Guille Ivan Spajic
astcra1/iNat1460295.ogg,3,Guille Ivan Spajic
astcra1/iNat1460294.ogg,3,Guille Ivan Spajic
astcra1/XC174361.ogg,1,Douglas Meyer
astcra1/XC751213.ogg,0,Carlos Ferrari
astcra1/iNat566155.ogg,4,Unknown
astcra1/iNat340846.ogg,3,Tomás Carranza Perales
astcra1/XC343197.ogg,1,Guilherme Kulinitz Rodrigues
astcra1/XC654941.ogg,2,Marcelo da Rocha
astcra1/iNat694659.ogg,3,Eduardo Luis Beltrocco
astcra1/XC589401.ogg,1,Luiz C.  Silva
astcra1/XC423646.ogg,3,Marcelo Morena
astcra1/XC370480.ogg,1,Guilherme Willrich
astcra1/XC185661.ogg,1,Rodrigo Dela Rosa
astcra1/iNat398104.ogg,0,Luciano Bernardes
astcra1/XC551072.ogg,3,Ricardo Gagliardi
astcra1/iNat279134.ogg,1,Lucas Moreira
astcra1/XC349235.ogg,3,GABRIEL LEITE
astcra1/XC476565.ogg,4,Guy Kirwan
astcra1/XC413774.ogg,2,Victor Antonelli
astcra1/XC604461.ogg,1,Ricardo José Mitidieri
astcra1/XC695254.ogg,3,GABRIEL LEITE
astcra1/XC720959.ogg,1,Luiz C.  Silva
astcra1/XC989813.ogg,3,Fabrício Grigolin
astcra1/iNat1677858.ogg,4,Brian Wulker
astcra1/XC6047.ogg,3,Nick Athanas
astcra1/XC247435.ogg,3,Eric DeFonso
astcra1/XC241847.ogg,3,Eric DeFonso
astcra1/XC131323.ogg,3,Eric DeFonso
astcra1/XC291613.ogg,4,Jerome Fischer
astcra1/XC433823.ogg,2,Marcelo Jordani Feliti
astcra1/iNat869765.ogg,0,Luciano Bernardes
astcra1/XC114660.ogg,4,Noé Eiterer
astcra1/XC114661.ogg,4,Noé Eiterer
astcra1/XC349926.ogg,4,Kassius Santos
astcra1/XC304408.ogg,0,Fernando Igor de Godoy
astcra1/XC304409.ogg,0,Fernando Igor de Godoy
astcra1/XC516453.ogg,3,Renan Betzel
astcra1/XC573748.ogg,3,Dante Buzzetti
astcra1/XC326070.ogg,0,Fernando Igor de Godoy
astcra1/XC1008361.ogg,3,Fabrício Grigolin
astcra1/XC70102.ogg,1,Daniel Lane
astcra1/XC705732.ogg,0,Fernando Igor de Godoy
astcra1/XC1056365.ogg,1,Robson Silva e Silva
astcra1/XC1018632.ogg,1,Robson Silva e Silva
astcra1/XC714803.ogg,0,LUCIO DOS REIS OLIVEIRA
astcra1/XC715499.ogg,1,Robson Silva e Silva
astcra1/XC706095.ogg,0,Fernando Igor de Godoy
astcra1/XC423021.ogg,0,Fernando Igor de Godoy
astcra1/XC626392.ogg,3,A. Bennett Hennessey
astcra1/XC2243.ogg,0,Sjoerd Mayer
astcra1/XC724960.ogg,1,Nunes D´Acosta
astcra1/XC465155.ogg,2,JAYRSON ARAUJO DE OLIVEIRA
astcra1/XC626290.ogg,2,JAYRSON ARAUJO DE OLIVEIRA
astcra1/XC626289.ogg,2,JAYRSON ARAUJO DE OLIVEIRA
astcra1/XC470032.ogg,2,JAYRSON ARAUJO DE OLIVEIRA
astcra1/XC421052.ogg,2,JAYRSON ARAUJO DE OLIVEIRA
astcra1/XC919990.ogg,2,JAYRSON ARAUJO DE OLIVEIRA
astcra1/XC880838.ogg,2,JAYRSON ARAUJO DE OLIVEIRA
astcra1/XC648834.ogg,2,JAYRSON ARAUJO DE OLIVEIRA
astcra1/XC931264.ogg,2,JAYRSON ARAUJO DE OLIVEIRA
astcra1/XC648812.ogg,2,JAYRSON ARAUJO DE OLIVEIRA
astcra1/XC713705.ogg,2,JAYRSON ARAUJO DE OLIVEIRA
astcra1/XC713696.ogg,2,JAYRSON ARAUJO DE OLIVEIRA
astcra1/XC713693.ogg,2,JAYRSON ARAUJO DE OLIVEIRA
astcra1/XC502420.ogg,1,Benedito Pio da Silva Campos Neto
astcra1/XC832916.ogg,2,JAYRSON ARAUJO DE OLIVEIRA
astcra1/XC1008040.ogg,0,Cid Espínola
astcra1/XC400268.ogg,4,Breno Dias Vitorino
astcra1/XC448483.ogg,2,JAYRSON ARAUJO DE OLIVEIRA
astcra1/XC540394.ogg,2,Edson Ribeiro Luiz
astcra1/XC85354.ogg,1,Jeremy Minns
astcra1/XC85353.ogg,1,Jeremy Minns
astcra1/iNat748599.ogg,0,Claudio Martins de Souza
astcra1/XC702945.ogg,3,Richard E. Webster
astcra1/XC702939.ogg,3,Richard E. Webster
astcra1/XC702934.ogg,3,Richard E. Webster
astcra1/XC702947.ogg,3,Richard E. Webster
astcra1/XC427837.ogg,2,Caio Brito
astcra1/XC312778.ogg,2,Caio Brito
astcra1/XC312776.ogg,2,Caio Brito
astcra1/XC521961.ogg,3,Dante Buzzetti
astcra1/XC121790.ogg,0,Dan Lane
astcra1/iNat100447.ogg,4,Unknown
astcra1/XC817019.ogg,2,JAYRSON ARAUJO DE OLIVEIRA
astcra1/XC816947.ogg,2,JAYRSON ARAUJO DE OLIVEIRA
astcra1/iNat1245591.ogg,3,Gabriel lima
astcra1/XC817214.ogg,2,JAYRSON ARAUJO DE OLIVEIRA
astcra1/XC121243.ogg,3,GABRIEL LEITE
astcra1/XC323891.ogg,1,Jeremy Minns
astcra1/XC182563.ogg,1,Roger Ahlman
astcra1/XC182562.ogg,1,Roger Ahlman
astcra1/XC182561.ogg,1,Roger Ahlman
astcra1/XC303173.ogg,4,Ottavio Janni
astcra1/XC670251.ogg,1,Iván Lau
astcra1/XC318855.ogg,1,Roger Ahlman
astcra1/XC355790.ogg,0,Jorge Muñoz
astcra1/XC479993.ogg,4,Brice de la Croix
astcra1/XC479992.ogg,4,Brice de la Croix
astcra1/iNat1431364.ogg,2,Julien Piolain
astcra1/iNat1431365.ogg,2,Julien Piolain
astcra1/XC539382.ogg,4,Brice de la Croix
astcra1/XC539384.ogg,4,Brice de la Croix
astcra1/XC539383.ogg,4,Brice de la Croix
astcra1/XC634884.ogg,2,Paul Lenrumé
astcra1/iNat1400836.ogg,4,leprendre
astcra1/iNat1432826.ogg,1,jules973
astcra1/XC1048515.ogg,2,Paul Lenrumé
astcra1/XC672967.ogg,1,Iván Lau
bafcur1/XC928322.ogg,1,Sabrina Andrea Rendon Anaya
bafcur1/XC462176.ogg,3,Rosendo Manuel Fraga
bafcur1/iNat566389.ogg,1,Pablo H Capovilla
bafcur1/iNat178310.ogg,0,Luciano Bernardes
bafcur1/XC556245.ogg,2,Caio Brito
bafcur1/XC394392.ogg,1,Nick Komar
bafcur1/XC393679.ogg,1,Nick Komar
bafcur1/XC393680.ogg,1,Nick Komar
bafcur1/XC326044.ogg,0,Fernando Igor de Godoy
bafcur1/XC299038.ogg,0,Fernando Igor de Godoy
bafcur1/iNat1734741.ogg,0,Miguel A. Paixão
bafcur1/XC980050.ogg,1,Douglas Meyer
bafcur1/XC980049.ogg,1,Douglas Meyer
bafcur1/iNat1568495.ogg,2,mariana-ramos
bafcur1/XC1018708.ogg,1,Robson Silva e Silva
bafcur1/XC1018568.ogg,1,Robson Silva e Silva
bafcur1/XC593408.ogg,1,Robson Silva e Silva
bafcur1/XC838517.ogg,2,JAYRSON ARAUJO DE OLIVEIRA
bafcur1/XC389734.ogg,4,Jacob Wijpkema
bafcur1/XC123461.ogg,3,Eric DeFonso
bafcur1/XC124630.ogg,3,Eric DeFonso
bafcur1/XC657816.ogg,3,Dante Buzzetti
bafcur1/XC654360.ogg,3,Dante Buzzetti
bafcur1/XC654359.ogg,3,Dante Buzzetti
bafcur1/XC454951.ogg,2,JAYRSON ARAUJO DE OLIVEIRA
bafcur1/XC415852.ogg,2,JAYRSON ARAUJO DE OLIVEIRA
bafcur1/XC205631.ogg,3,Niels Poul Dreyer
bafcur1/XC834045.ogg,3,Bobby Wilcox
bafcur1/XC415861.ogg,2,JAYRSON ARAUJO DE OLIVEIRA
bafcur1/XC402823.ogg,4,Breno Dias Vitorino
bafcur1/iNat1185129.ogg,4,Douglas
bafcur1/XC1062332.ogg,4,Jacob Wijpkema
bafcur1/XC118849.ogg,3,GABRIEL LEITE
bafcur1/XC646801.ogg,3,Dante Buzzetti
bafcur1/XC429173.ogg,3,Bobby Wilcox
bafcur1/XC429295.ogg,3,Bobby Wilcox
bafcur1/XC130288.ogg,3,Eric DeFonso
bafcur1/XC130287.ogg,3,Eric DeFonso
bafcur1/XC129708.ogg,3,Eric DeFonso
bafcur1/XC108668.ogg,3,Tayler Brooks
bafcur1/XC432708.ogg,3,Bobby Wilcox
bafcur1/XC427263.ogg,2,Caio Brito
bafcur1/iNat1283338.ogg,3,Nereston (Nelinho) Camargo
bafcur1/XC469136.ogg,3,GABRIEL LEITE
bafcur1/XC830116.ogg,2,JAYRSON ARAUJO DE OLIVEIRA
bafcur1/XC830112.ogg,2,JAYRSON ARAUJO DE OLIVEIRA
bafcur1/XC212970.ogg,3,GABRIEL LEITE
bafcur1/XC510952.ogg,3,GABRIEL LEITE
bafcur1/XC530573.ogg,0,Gustavo Gonsioroski
bafcur1/XC837009.ogg,0,Marcos Pérsio
bafcur1/XC395276.ogg,2,Diego Mendes
baffal1/iNat580803.ogg,2,vinicius_s_domingues
baffal1/XC1053050.ogg,2,JAYRSON ARAUJO DE OLIVEIRA
baffal1/iNat1630849.ogg,1,Evan Centanni
baffal1/XC144993.ogg,1,Antonio Silveira
baffal1/XC306404.ogg,3,Lia Nahomi Kajiki
baffal1/XC308551.ogg,3,Lia Nahomi Kajiki
baffal1/XC308549.ogg,3,Lia Nahomi Kajiki
baffal1/XC181441.ogg,1,João Gava
baffal1/iNat816819.ogg,3,Sebastián
baffal1/iNat880613.ogg,1,Jonathan Lorencetti Ehlert
baffal1/XC173576.ogg,1,Douglas Meyer
baffal1/XC530447.ogg,0,Miguel Angelo Biz
baffal1/XC241380.ogg,4,Luis Pradier
baffal1/XC488911.ogg,0,Miguel Angelo Biz
baffal1/XC574467.ogg,1,Luis Seko Pradier
baffal1/XC455087.ogg,3,Rosendo Manuel Fraga
baffal1/XC209308.ogg,4,Fabricio Gorleri
baffal1/XC665655.ogg,3,Paulo Sillig
baffal1/XC1025401.ogg,4,Guillermo Menéndez (gmmv80)
baffal1/iNat1590773.ogg,1,Guillermo Menéndez
baffal1/XC549468.ogg,3,Bernabe Lopez-Lanus
baffal1/XC878594.ogg,2,Franco Vushurovich
baffal1/iNat802668.ogg,4,Alan Hentz
baffal1/iNat524191.ogg,1,Pablo H Capovilla
baffal1/iNat591974.ogg,2,Joseane Derengoski
baffal1/iNat1672327.ogg,1,Facundo Varela Barros
baffal1/XC476196.ogg,2,Hugo Caverzasi
baffal1/XC476195.ogg,2,Hugo Caverzasi
baffal1/XC476193.ogg,2,Hugo Caverzasi
baffal1/XC1012407.ogg,3,Marcos E. Sosa
baffal1/XC585002.ogg,4,Dante Gabriel Moresco
baffal1/XC652011.ogg,4,Dante Gabriel Moresco
baffal1/XC652010.ogg,4,Dante Gabriel Moresco
baffal1/XC172827.ogg,2,João Antônio de B. Vitto
baffal1/XC172510.ogg,2,João Antônio de B. Vitto
baffal1/XC85220.ogg,1,Jeremy Minns
baffal1/XC897585.ogg,3,Lia Nahomi Kajiki
baffal1/XC421837.ogg,0,Fernando Igor de Godoy
baffal1/XC421195.ogg,0,Fernando Igor de Godoy
baffal1/XC299687.ogg,0,Fernando Igor de Godoy
baffal1/XC6905.ogg,3,Nick Athanas
baffal1/iNat1570157.ogg,0,Bruno Lima
baffal1/XC114878.ogg,1,Robson Silva e Silva
baffal1/XC435761.ogg,2,JAYRSON ARAUJO DE OLIVEIRA
baffal1/XC462352.ogg,3,Felipe Arantes
baffal1/XC240685.ogg,4,Norton Santos
baffal1/XC618888.ogg,3,Lia Nahomi Kajiki
baffal1/XC618886.ogg,3,Lia Nahomi Kajiki
baffal1/XC4312.ogg,1,Bob Planqué
baffal1/XC512884.ogg,4,Jerome Fischer
baffal1/iNat1082146.ogg,0,Claudio Martins de Souza
baffal1/iNat917301.ogg,0,Luciano Bernardes
baffal1/XC435754.ogg,2,JAYRSON ARAUJO DE OLIVEIRA
baffal1/iNat942077.ogg,2,cliobr
baffal1/iNat887027.ogg,2,cliobr
baffal1/XC581878.ogg,4,Marcos Melo
baffal1/iNat1711622.ogg,4,Rodrigo Paiva Lázaro
baffal1/XC1064702.ogg,4,Odemir Freitas Junior
baffal1/XC139334.ogg,3,Bernabe Lopez-Lanus
baffal1/XC29088.ogg,3,Niels Krabbe
baffal1/XC29087.ogg,3,Niels Krabbe
baffal1/XC29089.ogg,3,Niels Krabbe
baffal1/iNat397319.ogg,0,Luciano Bernardes
baffal1/XC770865.ogg,3,Rafael Lima
baffal1/iNat1458551.ogg,3,Augusto Matheus dos Santos
baffal1/XC153777.ogg,1,Rodrigo Dela Rosa
baffal1/XC406518.ogg,0,Henry Miller Carneiro Alexandre 
baffal1/XC234721.ogg,1,Jeremy Minns
baffal1/XC85216.ogg,1,Jeremy Minns
baffal1/XC345414.ogg,1,Rodrigo Dela Rosa
baffal1/XC1058391.ogg,0,Henry Miller Alexandre
baffal1/iNat341942.ogg,0,Luciano Bernardes
baffal1/XC344486.ogg,1,Rodrigo Dela Rosa
baffal1/XC120017.ogg,3,GABRIEL LEITE
baffal1/XC118076.ogg,2,Rodrigo Dela Rosa de Souza
baffal1/XC158879.ogg,1,Rodrigo Dela Rosa
baffal1/XC146414.ogg,1,Antonio Silveira
baffal1/XC618495.ogg,3,Dante Buzzetti
baffal1/XC548879.ogg,1,Rodrigo Dela Rosa
baffal1/XC234714.ogg,1,Jeremy Minns
baffal1/XC140984.ogg,1,Rodrigo Dela Rosa
baffal1/XC1009881.ogg,4,Alex S. Rosa
baffal1/XC562268.ogg,3,Rosendo Manuel Fraga
baffal1/XC666482.ogg,1,Odirlei Vieira da Fonseca
baffal1/XC609539.ogg,1,Odirlei Vieira da Fonseca
baffal1/XC292048.ogg,4,Jerome Fischer
baffal1/XC391938.ogg,3,Bobby Wilcox
baffal1/XC85217.ogg,1,Jeremy Minns
baffal1/XC612552.ogg,1,Ricardo José Mitidieri
baffal1/XC291083.ogg,1,Jeremy Minns
baffal1/XC192816.ogg,4,Kassius Santos
baffal1/XC192815.ogg,4,Kassius Santos
baffal1/XC234715.ogg,1,Jeremy Minns
baffal1/XC587188.ogg,3,Ricardo Gagliardi
baffal1/iNat1648102.ogg,4,Brian Wulker
baffal1/iNat1653380.ogg,4,Brian Wulker
baffal1/XC51059.ogg,3,Bernabe Lopez-Lanus
baffal1/XC51058.ogg,3,Bernabe Lopez-Lanus
baffal1/XC389176.ogg,4,Lari Boesing
baffal1/XC987466.ogg,3,Dante Buzzetti
baffal1/XC85219.ogg,1,Jeremy Minns
baffal1/XC1513.ogg,0,Sjoerd Mayer
baffal1/XC1511.ogg,0,Sjoerd Mayer
baffal1/XC135977.ogg,4,Noé Eiterer
baffal1/iNat711853.ogg,4,William R S Maciel
baffal1/XC428193.ogg,2,Gabriel Bonfa
baffal1/XC727672.ogg,2,Brian Cox
baffal1/XC337073.ogg,1,Odirlei Vieira da Fonseca
baffal1/XC189682.ogg,3,Luiz Gabriel Mazzoni
baffal1/XC704173.ogg,3,Richard E. Webster
baffal1/iNat1008346.ogg,4,Unknown
baffal1/iNat1008204.ogg,4,Brian Cespedes
baffal1/XC745799.ogg,4,Jacob Wijpkema
baffal1/XC2075.ogg,0,Sjoerd Mayer
baffal1/XC387980.ogg,4,Breno Dias Vitorino
baffal1/XC340061.ogg,4,Roney Souza
baffal1/XC844093.ogg,3,Fernanda Fernandex
baffal1/XC546400.ogg,3,Ciro Albano
baffal1/XC1037397.ogg,3,Dante Buzzetti
baffal1/XC602655.ogg,3,Gustavo Henrique Silveira
baffal1/XC556408.ogg,2,Caio Brito
baffal1/XC340316.ogg,1,Mateus G. Santos 
baffal1/XC302771.ogg,3,Gustavo Sebastian Cabanne
baffal1/XC859271.ogg,3,Richard E. Webster
baffal1/XC399318.ogg,1,Herman van Oosten
baffal1/XC212053.ogg,3,Fernando Fávaro
baffal1/XC793191.ogg,2,JAYRSON ARAUJO DE OLIVEIRA
baffal1/XC793190.ogg,2,JAYRSON ARAUJO DE OLIVEIRA
baffal1/XC122749.ogg,3,Eric DeFonso
baffal1/XC123105.ogg,3,Eric DeFonso
baffal1/XC63646.ogg,1,Joseph Tobias and Nathalie Seddon
baffal1/XC203198.ogg,1,Micah Riegner
baffal1/XC453509.ogg,1,Will Sweet
baffal1/XC63645.ogg,1,Joseph Tobias and Nathalie Seddon
baffal1/XC63643.ogg,1,Joseph Tobias and Nathalie Seddon
baffal1/XC63644.ogg,1,Joseph Tobias and Nathalie Seddon
baffal1/XC330543.ogg,1,Rodrigo Dela Rosa
baffal1/XC351413.ogg,1,Willian Menq
baffal1/XC1012380.ogg,4,Jacob Wijpkema
baffal1/XC759383.ogg,4,Jacob Wijpkema
baffal1/XC329225.ogg,0,Fernando Igor de Godoy
baffal1/XC329201.ogg,0,Fernando Igor de Godoy
baffal1/XC329208.ogg,0,Fernando Igor de Godoy
baffal1/XC1069012.ogg,1,Fabrice Schmitt
baffal1/XC1068979.ogg,1,Fabrice Schmitt
baffal1/XC187163.ogg,2,Marcelo de O. Barbosa
baffal1/XC344052.ogg,0,Tulio Dornas
baffal1/XC344051.ogg,0,Tulio Dornas
baffal1/XC378955.ogg,1,Edson Guilherme
baffal1/XC118865.ogg,3,GABRIEL LEITE
baffal1/XC417413.ogg,0,Tulio Dornas
baffal1/XC427584.ogg,2,Caio Brito
baffal1/XC431368.ogg,3,Bobby Wilcox
baffal1/XC130077.ogg,3,Eric DeFonso
baffal1/XC432570.ogg,3,Bobby Wilcox
baffal1/XC189543.ogg,3,Luiz Gabriel Mazzoni
baffal1/XC678306.ogg,3,Dante Buzzetti
baffal1/XC821578.ogg,2,JAYRSON ARAUJO DE OLIVEIRA
baffal1/XC821576.ogg,2,JAYRSON ARAUJO DE OLIVEIRA
baffal1/XC234718.ogg,1,Jeremy Minns
baffal1/XC85218.ogg,1,Jeremy Minns
baffal1/XC705481.ogg,0,Fernando Igor de Godoy
baffal1/XC974203.ogg,2,JAYRSON ARAUJO DE OLIVEIRA
baffal1/XC974201.ogg,2,JAYRSON ARAUJO DE OLIVEIRA
baffal1/XC537845.ogg,0,Fernando Igor de Godoy
baffal1/XC536757.ogg,0,Fernando Igor de Godoy
baffal1/XC206439.ogg,4,Glauco Alves Pereira
baffal1/XC542797.ogg,1,Fabrice Schmitt
baffal1/XC204948.ogg,1,Roger Ahlman
baffal1/XC150981.ogg,1,Herman van Oosten
baffal1/XC486890.ogg,3,Dante Buzzetti
baffal1/XC486831.ogg,3,Dante Buzzetti
baffal1/XC493242.ogg,2,JAYRSON ARAUJO DE OLIVEIRA
baffal1/XC493247.ogg,2,JAYRSON ARAUJO DE OLIVEIRA
baffal1/XC493221.ogg,2,JAYRSON ARAUJO DE OLIVEIRA
baffal1/XC119850.ogg,3,GABRIEL LEITE
baffal1/XC85221.ogg,1,Jeremy Minns
baffal1/XC1034702.ogg,2,JAYRSON ARAUJO DE OLIVEIRA
baffal1/XC10661.ogg,4,Todd Mark
baffal1/XC10660.ogg,4,Todd Mark
baffal1/XC10640.ogg,4,Todd Mark
baffal1/XC10641.ogg,4,Todd Mark
baffal1/iNat1243754.ogg,3,Christoph Moning
baffal1/XC7047.ogg,4,Todd Mark
baffal1/XC119577.ogg,3,GABRIEL LEITE
baffal1/XC343517.ogg,3,GABRIEL LEITE
baffal1/XC392091.ogg,4,Sidnei Dantas
baffal1/XC705219.ogg,0,Fernando Igor de Godoy
baffal1/XC238611.ogg,3,Niels Krabbe
baffal1/XC238610.ogg,3,Niels Krabbe
baffal1/iNat582752.ogg,4,Thibaud Aronson
baffal1/iNat582753.ogg,4,Thibaud Aronson
baffal1/XC510959.ogg,3,GABRIEL LEITE
baffal1/XC147163.ogg,0,Josh Engel
baffal1/XC147162.ogg,0,Josh Engel
baffal1/XC193.ogg,1,Willem-Pier Vellinga
baffal1/XC238614.ogg,3,Niels Krabbe
baffal1/XC855244.ogg,0,Michael Hurben
baffal1/XC393342.ogg,0,Phil Stouffer
baffal1/XC562663.ogg,3,Cameron Rutt
baffal1/XC562662.ogg,3,Cameron Rutt
baffal1/XC125728.ogg,4,Christian B. Andretti
baffal1/XC284665.ogg,0,Leonardo Ordóñez-Delgado
baffal1/XC238612.ogg,3,Niels Krabbe
baffal1/XC251118.ogg,3,Niels Krabbe
baffal1/XC238620.ogg,3,Niels Krabbe
baffal1/XC251119.ogg,3,Niels Krabbe
baffal1/XC251116.ogg,3,Niels Krabbe
baffal1/XC251117.ogg,3,Niels Krabbe
baffal1/XC890585.ogg,1,Paul Driver
baffal1/XC890584.ogg,1,Paul Driver
baffal1/XC238618.ogg,3,Niels Krabbe
baffal1/XC238617.ogg,3,Niels Krabbe
baffal1/XC493782.ogg,4,Jerome Fischer
baffal1/XC274919.ogg,0,Robert S. Ridgely
baffal1/XC257391.ogg,4,John V. Moore
baffal1/XC257389.ogg,4,John V. Moore
baffal1/XC700035.ogg,4,Jerome Fischer
baffal1/XC827142.ogg,1,rudy gelis
baffal1/XC904088.ogg,0,Jarol Fernando Vaca
baffal1/XC257392.ogg,4,John V. Moore
baffal1/XC257390.ogg,4,John V. Moore
baffal1/iNat337431.ogg,4,sapayoa
baffal1/XC238616.ogg,3,Niels Krabbe
baffal1/XC238619.ogg,3,Niels Krabbe
baffal1/XC171371.ogg,1,Martin St-Michel
baffal1/XC163508.ogg,1,Martin St-Michel
baffal1/XC164874.ogg,1,Martin St-Michel
baffal1/XC164489.ogg,1,Martin St-Michel
baffal1/XC820946.ogg,1,rudy gelis
baffal1/XC387750.ogg,4,Jerome Fischer
baffal1/XC238613.ogg,3,Niels Krabbe
baffal1/XC276188.ogg,1,Jonas Nilsson
baffal1/XC1038943.ogg,4,Charlie Vogt
baffal1/XC8087.ogg,3,Nick Athanas
baffal1/XC205535.ogg,4,Jerome Fischer
baffal1/XC860686.ogg,2,José María Loaiza B.
baffal1/XC8085.ogg,3,Nick Athanas
baffal1/XC8084.ogg,3,Nick Athanas
baffal1/XC251113.ogg,3,Niels Krabbe
baffal1/XC238621.ogg,3,Niels Krabbe
baffal1/XC251114.ogg,3,Niels Krabbe
baffal1/XC238609.ogg,3,Niels Krabbe
baffal1/XC238608.ogg,3,Niels Krabbe
baffal1/XC251115.ogg,3,Niels Krabbe
baffal1/XC238606.ogg,3,Niels Krabbe
baffal1/XC71107.ogg,1,Daniel Lane
baffal1/XC238615.ogg,3,Niels Krabbe
baffal1/XC276187.ogg,1,Jonas Nilsson
baffal1/XC955229.ogg,1,Juan Freile
baffal1/XC261529.ogg,1,Olaf Jahn
baffal1/XC322080.ogg,3,Diego Calderon-F.
baffal1/XC857998.ogg,1,Juan Freile
baffal1/XC72653.ogg,1,Daniel Lane
baffal1/XC535617.ogg,0,Julio Delgado
baffal1/XC535629.ogg,0,Julio Delgado
baffal1/XC714681.ogg,0,Jorge L. Peña
baffal1/XC681233.ogg,4,Sergio Adrian Garcia-Murcia
baffal1/XC117708.ogg,3,José Agustín López (Colección de Sonidos Ambientales - Instituto Humboldt)
baffal1/XC117707.ogg,3,José Agustín López (Colección de Sonidos Ambientales - Instituto Humboldt)
baffal1/XC117701.ogg,3,José Agustín López (Colección de Sonidos Ambientales - Instituto Humboldt)
baffal1/XC117700.ogg,3,José Agustín López (Colección de Sonidos Ambientales - Instituto Humboldt)
baffal1/XC117699.ogg,3,José Agustín López (Colección de Sonidos Ambientales - Instituto Humboldt)
baffal1/XC117696.ogg,3,José Agustín López (Colección de Sonidos Ambientales - Instituto Humboldt)
baffal1/XC117689.ogg,3,José Agustín López (Colección de Sonidos Ambientales - Instituto Humboldt)
baffal1/XC917443.ogg,3,Delaitre guillaume
baffal1/XC1003367.ogg,3,Delaitre guillaume
baffal1/XC1003366.ogg,3,Delaitre guillaume
baffal1/XC1023846.ogg,3,Delaitre guillaume
baffal1/XC1019433.ogg,3,Delaitre guillaume
baffal1/iNat402857.ogg,2,Guillaume Delaitre
baffal1/XC114362.ogg,4,Anthony Crease
baffal1/XC114325.ogg,4,Anthony Crease
baffal1/iNat1560810.ogg,2,Julien Piolain
baffal1/XC299696.ogg,2,James Bradley
baffal1/XC612771.ogg,1,Fabrice Schmitt
baffal1/XC449452.ogg,4,Brice de la Croix
baffal1/XC449450.ogg,4,Brice de la Croix
baffal1/XC449449.ogg,4,Brice de la Croix
baffal1/XC315913.ogg,4,Guy Kirwan
baffal1/XC837026.ogg,2,Geoffrey Monchaux
baffal1/iNat586060.ogg,1,Santi MD
baffal1/XC9193.ogg,3,Allen T. Chartier
baffal1/XC9192.ogg,3,Allen T. Chartier
baffal1/XC30807.ogg,2,Myornis
baffal1/XC667766.ogg,1,Iván Lau
baffal1/XC366820.ogg,1,Martin St-Michel
baffal1/XC366819.ogg,1,Martin St-Michel
baffal1/XC533949.ogg,4,Jerome Fischer
baffal1/XC211225.ogg,4,William Adsett 
baffal1/XC602990.ogg,2,Kent Livezey
baffal1/XC166394.ogg,4,Mike Nelson
baffal1/XC166393.ogg,4,Mike Nelson
baffal1/XC384749.ogg,4,Aidan Place
baffal1/XC631685.ogg,4,Daniel de Jesus Garcia
baffal1/XC394838.ogg,4,Oscar Ramírez Alán
baffal1/XC451499.ogg,3,Scott Connop
baffal1/XC353731.ogg,4,Ross Gallardy
baffal1/XC43540.ogg,2,Myornis
baffal1/XC43440.ogg,2,Myornis
baffal1/XC235889.ogg,3,Niels Krabbe
baffal1/XC235887.ogg,3,Niels Krabbe
baffal1/XC235886.ogg,3,Niels Krabbe
baffal1/XC966230.ogg,3,Scott Crabtree
baffal1/XC979787.ogg,4,Sergio Adrian Garcia-Murcia
baffal1/XC154664.ogg,4,Oswaldo Cortes
baffal1/XC384522.ogg,4,Orlando Jarquín G.
baffal1/XC240747.ogg,0,Liliana Chavarria-Duriaux
baffal1/XC367718.ogg,1,Nick Komar
baffal1/XC575070.ogg,2,Lety Andino
baffal1/XC893583.ogg,2,Luis Gomez
baffal1/XC784907.ogg,2,Isaí López
baffal1/XC295806.ogg,2,Alfonso Auerbach
baffal1/XC289870.ogg,0,Mayron McKewy Mejía
baffal1/XC236664.ogg,0,Oliver Komar
baffal1/XC297318.ogg,1,Edwin Calderón
baffal1/XC113107.ogg,0,Mayron McKewy Mejía
baffal1/XC383802.ogg,2,Alfonso Auerbach
baffal1/XC383801.ogg,2,Alfonso Auerbach
baffal1/XC180220.ogg,0,Oliver Komar
baffal1/XC213679.ogg,1,John van Dort
baffal1/XC234354.ogg,1,Max Noack
baffal1/XC414977.ogg,1,Max Noack
baffal1/XC334192.ogg,3,Richard E. Webster
baffal1/XC713013.ogg,3,Manuel Grosselet
baffal1/XC713017.ogg,3,Manuel Grosselet
baffal1/iNat23463.ogg,4,Unknown
baffal1/iNat959640.ogg,3,Juan Cruzado Cortés
baffal1/iNat1232754.ogg,0,Adam Jackson
baffal1/iNat656084.ogg,2,David Kidwell
baffal1/XC355828.ogg,4,Corey Lange
baffal1/XC522308.ogg,1,Paul Driver
baffal1/XC437953.ogg,1,George Wagner
baffal1/iNat872788.ogg,4,Elias
baffal1/XC31742.ogg,3,Nick Athanas
baffal1/iNat795406.ogg,3,Juan Cruzado Cortés
baffal1/iNat888129.ogg,3,Juan Cruzado Cortés
banana/XC178622.ogg,4,Oswaldo Cortes
banana/XC84472.ogg,1,Jeremy Minns
banana/XC189212.ogg,0,Leonardo Ordóñez-Delgado
banana/XC262504.ogg,1,Olaf Jahn
banana/XC287776.ogg,1,Miguel Angel Torres
banana/XC756928.ogg,3,Igor Lazo
banana/XC190593.ogg,1,Gabriel Rosa
banana/iNat1020622.ogg,4,Victor
banana/XC84476.ogg,1,Jeremy Minns
banana/XC529279.ogg,3,Mauricio Álvarez-Rebolledo (Colección de Sonidos Ambientales - Instituto Humboldt)
banana/XC519180.ogg,3,Mauricio Álvarez-Rebolledo (Colección de Sonidos Ambientales - Instituto Humboldt)
banana/XC213296.ogg,2,Albert Lastukhin &amp; Max Lastukhin
banana/iNat252608.ogg,1,Lucas Moreira
banana/XC523829.ogg,3,Mauricio Álvarez-Rebolledo (Colección de Sonidos Ambientales - Instituto Humboldt)
banana/XC58866.ogg,2,Myornis
banana/iNat1650332.ogg,1,Evan Centanni
banana/XC115505.ogg,4,Oswaldo Cortes
banana/iNat800427.ogg,1,Facundo Varela Barros
banana/iNat342892.ogg,3,Claire O'Neill
banana/iNat989513.ogg,4,Unknown
banana/XC939088.ogg,2,JAYRSON ARAUJO DE OLIVEIRA
banana/XC320349.ogg,4,David Ricardo Rodríguez Villamil
banana/iNat1737573.ogg,0,Scott Camazine
banana/XC561261.ogg,3,Steve Hampton
banana/iNat1596516.ogg,4,Eric Schmidt
banana/iNat559630.ogg,4,Unknown
banana/XC626037.ogg,0,Ma. Cristina Ríos
banana/XC469261.ogg,2,JAYRSON ARAUJO DE OLIVEIRA
banana/XC1068948.ogg,1,Fabrice Schmitt
banana/XC939544.ogg,2,JAYRSON ARAUJO DE OLIVEIRA
banana/XC520823.ogg,3,Mauricio Álvarez-Rebolledo (Colección de Sonidos Ambientales - Instituto Humboldt)
banana/XC1034535.ogg,2,JAYRSON ARAUJO DE OLIVEIRA
banana/iNat1445573.ogg,3,Augusto Matheus dos Santos
banana/iNat396745.ogg,0,Luciano Bernardes
banana/XC247112.ogg,4,Joe Klaiber
banana/XC112602.ogg,1,Adrian Eisen Rupp
banana/XC939908.ogg,2,JAYRSON ARAUJO DE OLIVEIRA
banana/XC490740.ogg,0,Fernando Igor de Godoy
banana/iNat143232.ogg,2,João Gabriel Gomes de Souza
banana/iNat1110699.ogg,4,Antonio Aguilar
banana/XC262503.ogg,1,Olaf Jahn
banana/iNat478917.ogg,2,Carlos A. Flores
banana/XC411998.ogg,2,JAYRSON ARAUJO DE OLIVEIRA
banana/iNat561209.ogg,4,nicolemorales01
banana/iNat339877.ogg,4,Unknown
banana/XC816850.ogg,2,JAYRSON ARAUJO DE OLIVEIRA
banana/XC372725.ogg,1,Albert Lastukhin
banana/XC479540.ogg,4,Brice de la Croix
banana/iNat1394445.ogg,1,Evandro Mariano
banana/XC523836.ogg,3,Mauricio Álvarez-Rebolledo (Colección de Sonidos Ambientales - Instituto Humboldt)
banana/XC318598.ogg,4,Santiago Ramos
banana/iNat1471075.ogg,0,Miguel A. Paixão
banana/XC32074.ogg,1,Daniel Lane
banana/XC214523.ogg,1,Oscar Humberto Marin-Gomez
banana/iNat628967.ogg,3,Zac Peterson
banana/XC215467.ogg,0,Terry Davis
banana/iNat1433394.ogg,0,Données de seconde main saisies par Julien Piolain
banana/XC155797.ogg,3,Danny Zapata-Henao
banana/iNat351818.ogg,4,Unknown
banana/XC58863.ogg,2,Myornis
banana/iNat368646.ogg,0,steve b
banana/iNat1476456.ogg,1,Ciclolibres
banana/XC1017270.ogg,2,JAYRSON ARAUJO DE OLIVEIRA
banana/XC1068890.ogg,1,Fabrice Schmitt
banana/XC541448.ogg,1,Cristhian David Gaitán García
banana/XC213995.ogg,1,Jeremy Minns
banana/iNat1003999.ogg,4,gilliancm
banana/iNat724173.ogg,4,Abhas Misraraj
banana/iNat217408.ogg,1,Lucas Moreira
banana/iNat1429882.ogg,4,Ana Cristina Almeida
banana/iNat868338.ogg,3,River Ahlquist
banana/iNat314500.ogg,1,caracolgeografia
banana/XC706367.ogg,4,Mauricio Cuéllar Ramírez
banana/XC614396.ogg,1,Ricardo José Mitidieri
banana/XC495669.ogg,4,David Darrell-Lambert
banana/XC420337.ogg,2,Yair Guillermo Molina Martínez.
banana/XC173565.ogg,1,Douglas Meyer
banana/iNat494464.ogg,4,Unknown
banana/XC1067310.ogg,3,Dante Buzzetti
banana/XC247111.ogg,4,Joe Klaiber
banana/XC523830.ogg,3,Mauricio Álvarez-Rebolledo (Colección de Sonidos Ambientales - Instituto Humboldt)
banana/XC973391.ogg,4,Andrés Mauricio López
banana/XC303599.ogg,3,GABRIEL LEITE
banana/XC697372.ogg,2,JAYRSON ARAUJO DE OLIVEIRA
banana/XC817205.ogg,2,JAYRSON ARAUJO DE OLIVEIRA
banana/XC352977.ogg,1,Nick Komar
banana/XC979469.ogg,4,Barry Edmonston
banana/iNat933037.ogg,4,Unknown
banana/XC814348.ogg,2,Franco Vushurovich
banana/iNat764438.ogg,2,remarino
banana/iNat688425.ogg,2,Christopher Rustay
banana/iNat1400797.ogg,4,leprendre
banana/XC924739.ogg,0,Sue Riffe
banana/iNat1421771.ogg,0,augustinbussac
banana/XC484774.ogg,2,Daniel Blamires
banana/XC250685.ogg,3,Niels Krabbe
banana/iNat33121.ogg,2,kwetterg
banana/XC460421.ogg,0,Dan Lane
banana/XC1017290.ogg,2,JAYRSON ARAUJO DE OLIVEIRA
banana/iNat950352.ogg,0,strangesongs
banana/iNat180706.ogg,1,Lucas Moreira
banana/iNat354802.ogg,4,Daniel Linzbauer
banana/XC288516.ogg,1,Jeremy Minns
banana/XC819184.ogg,1,Francesco Barberini
banana/XC277010.ogg,0,Jesse Fagan
banana/iNat863502.ogg,0,Sam Darmstadt
banana/XC506039.ogg,4,Brice de la Croix
banana/iNat578077.ogg,3,Lucas C. Marinho
banana/iNat471575.ogg,4,Bodo Nuñez Oberg
banana/iNat1431337.ogg,2,Julien Piolain
banana/XC178621.ogg,4,Oswaldo Cortes
banana/XC986727.ogg,1,Allistair Fresse
banana/iNat281441.ogg,4,José Valério
banana/iNat347546.ogg,3,Angel D Vega
banana/XC319635.ogg,1,Nick Komar
banana/XC241562.ogg,3,Oscar Humberto Marín Gómez
banana/iNat909849.ogg,4,Jonathan Sellman
banana/XC214712.ogg,4,Joe Klaiber
banana/XC799774.ogg,3,Dante Buzzetti
banana/XC147123.ogg,1,Rafael Antunes Dias
banana/iNat871291.ogg,3,River Ahlquist
banana/iNat1563529.ogg,2,JeffreyGammon
banana/XC690554.ogg,0,Sue Riffe
banana/iNat998528.ogg,1,Cris Lemes
banana/XC277006.ogg,0,Jesse Fagan
banana/iNat1005723.ogg,2,Julien Piolain
banana/XC169559.ogg,3,GABRIEL LEITE
banana/XC131595.ogg,4,Thore Noernberg
banana/iNat1374073.ogg,1,Luis Agosto
banana/iNat597011.ogg,1,gavin_miller
banana/XC185976.ogg,2,Daniel Blamires
banana/XC127164.ogg,1,pedrotêia
banana/XC524995.ogg,2,Mauricio Álvarez-Rebolledo
banana/iNat1720278.ogg,0,Richard Littauer
banana/XC520820.ogg,3,Mauricio Álvarez-Rebolledo (Colección de Sonidos Ambientales - Instituto Humboldt)
banana/iNat736745.ogg,4,Serena Flynn
banana/iNat532148.ogg,0,Observações Naturalistas | Bruno Uehara
banana/iNat351449.ogg,4,Unknown
banana/XC388560.ogg,2,Marcelo Jordani Feliti
banana/XC4311.ogg,1,Bob Planqué
banana/XC590531.ogg,4,Marcos Melo
banana/XC335021.ogg,1,Yair Guillermo Molina M. &amp; Rossmayra Marulanda
banana/XC960423.ogg,0,Ilona Schmidt
banana/iNat1682144.ogg,4,m
banana/XC351849.ogg,1,Odirlei Vieira da Fonseca
banana/XC1035619.ogg,2,JAYRSON ARAUJO DE OLIVEIRA
banana/XC583784.ogg,3,Dante Buzzetti
banana/XC924738.ogg,0,Sue Riffe
banana/iNat1024701.ogg,4,spirula
banana/XC649625.ogg,3,Erick Nicolás Patiño Acosta
banana/iNat54522.ogg,1,Ester A. Patricio
banana/XC32055.ogg,1,Daniel Lane
banana/iNat1144174.ogg,4,Unknown
banana/XC519809.ogg,2,Rolf A. de By
banana/iNat1648127.ogg,1,Vincent Mia Edie Verheyen
banana/XC443366.ogg,2,JAYRSON ARAUJO DE OLIVEIRA
banana/XC308452.ogg,4,Ross Gallardy
banana/XC2593.ogg,0,Sjoerd Mayer
banana/iNat51535.ogg,4,Unknown
banana/XC389034.ogg,2,ANDREA LARISSA BOESING
banana/XC215533.ogg,0,Terry Davis
banana/XC247113.ogg,4,Joe Klaiber
banana/XC603264.ogg,3,Daniel Hinckley
banana/XC668347.ogg,1,Odirlei Vieira da Fonseca
banana/XC214002.ogg,1,Jeremy Minns
banana/iNat207920.ogg,4,Unknown
banana/XC196682.ogg,4,Orlando Jarquín G.
banana/iNat321245.ogg,3,Kevin Camacho Resto
banana/XC520818.ogg,3,Mauricio Álvarez-Rebolledo (Colección de Sonidos Ambientales - Instituto Humboldt)
banana/iNat1635256.ogg,2,Alejandro Luy
banana/XC294693.ogg,1,Douglas Meyer
banana/XC455324.ogg,4,Bernard BOUSQUET
banana/iNat1576095.ogg,0,Ludwig Treuter
banana/XC877054.ogg,2,Skyler Bol
banana/XC1035893.ogg,4,Mauricio Cuéllar-Ramírez
banana/XC673166.ogg,0,Fernando Igor de Godoy
banana/XC397320.ogg,3,Bobby Wilcox
banana/iNat285500.ogg,3,Marco Antônio Zamith
banana/XC750762.ogg,3,Felipe Arantes
banana/XC571076.ogg,4,Jerome Fischer
banana/XC215541.ogg,0,Terry Davis
banana/XC523841.ogg,3,Mauricio Álvarez-Rebolledo (Colección de Sonidos Ambientales - Instituto Humboldt)
banana/XC712373.ogg,4,Barry Edmonston
banana/iNat1371881.ogg,2,Delianie Negrón
banana/XC173391.ogg,3,Eric DeFonso
banana/iNat635413.ogg,3,Zac Peterson
banana/iNat1078205.ogg,4,Unknown
banana/XC971449.ogg,2,Kauê Werner
banana/XC331387.ogg,3,Bobby Wilcox
banana/iNat1648317.ogg,2,J. Ribamar S. Amarante
banana/XC250686.ogg,3,Niels Krabbe
banana/iNat1669861.ogg,1,Cole Wolf
banana/iNat1721098.ogg,0,Richard Littauer
banana/XC149227.ogg,1,Antonio Silveira
banana/iNat150265.ogg,1,Dr M Chin Sue Min
banana/iNat570761.ogg,3,David Monroy R
banana/iNat770503.ogg,3,Sebastián
banana/XC403852.ogg,2,Myornis
banana/iNat1638891.ogg,4,Sofi Diez
banana/XC974424.ogg,2,JAYRSON ARAUJO DE OLIVEIRA
banana/iNat1302882.ogg,1,tracycwinn
banana/XC443365.ogg,2,JAYRSON ARAUJO DE OLIVEIRA
banana/XC524991.ogg,2,Mauricio Álvarez-Rebolledo
banana/XC211811.ogg,4,Jerome Fischer
banana/XC213288.ogg,2,Albert Lastukhin &amp; Max Lastukhin
banana/XC275597.ogg,0,Patricio Mena Valenzuela
banana/XC215557.ogg,0,Terry Davis
banana/XC697123.ogg,2,JAYRSON ARAUJO DE OLIVEIRA
banana/XC261114.ogg,0,Mitch Lysinger
banana/XC58862.ogg,2,Myornis
banana/XC614934.ogg,1,Mauricio Cuellar Ramirez (@Birding.travel)
banana/XC213287.ogg,2,Albert Lastukhin &amp; Max Lastukhin
banana/XC700790.ogg,2,JAYRSON ARAUJO DE OLIVEIRA
banana/XC1035884.ogg,4,Mauricio Cuéllar-Ramírez
banana/XC235220.ogg,4,Jerome Fischer
banana/XC331385.ogg,3,Bobby Wilcox
banana/XC316991.ogg,4,Guy Kirwan
banana/iNat55498.ogg,1,Ester A. Patricio
banana/XC952286.ogg,1,Juan Freile
banana/iNat1105993.ogg,3,Kyle Aldinger
banana/iNat308636.ogg,4,laurianrosa
banana/XC956109.ogg,2,Daniel Blamires
banana/XC262501.ogg,1,Olaf Jahn
banana/iNat573888.ogg,0,Zoltán Stekkelpak
banana/XC173431.ogg,3,Eric DeFonso
banana/XC213285.ogg,2,Albert Lastukhin &amp; Max Lastukhin
banana/XC213998.ogg,1,Jeremy Minns
banana/XC120824.ogg,1,Lars Lachmann
banana/XC155808.ogg,3,Danny Zapata-Henao
banana/iNat366408.ogg,3,Pedro Henrique Maloso Ramos
banana/XC284997.ogg,4,Jerome Fischer
banana/iNat308903.ogg,1,cesarinaestevez
banana/iNat357060.ogg,3,Karolay Hernández
banana/iNat1371833.ogg,2,Delianie Negrón
banana/XC863662.ogg,4,Alain Verneau
banana/iNat1721020.ogg,0,Richard Littauer
banana/iNat1634628.ogg,4,Unknown
banana/iNat1720274.ogg,0,Richard Littauer
banana/iNat563404.ogg,4,arflorez
banana/XC721906.ogg,1,Allistair Fresse
banana/XC326973.ogg,4,David Ricardo Rodríguez Villamil
banana/XC154742.ogg,2,Ted Floyd
banana/XC46632.ogg,1,Daniel Lane
banana/iNat1725076.ogg,2,amaury
banana/XC434963.ogg,0,Victor Vanegas
banana/XC214517.ogg,1,Oscar Humberto Marin-Gomez
banana/iNat129854.ogg,1,Ester A. Patricio
banana/XC929746.ogg,2,Franco Vushurovich
banana/XC736771.ogg,3,GABRIEL LEITE
banana/XC798995.ogg,3,Daniel Hinckley
banana/iNat1654398.ogg,0,Jordi Janssen
banana/XC928598.ogg,2,JAYRSON ARAUJO DE OLIVEIRA
banana/XC523832.ogg,3,Mauricio Álvarez-Rebolledo (Colección de Sonidos Ambientales - Instituto Humboldt)
banana/iNat335243.ogg,4,zuleima_vazquez
banana/iNat1703110.ogg,4,Unknown
banana/iNat1631602.ogg,0,ratoatomico87
banana/XC234129.ogg,4,Jerome Fischer
banana/XC393165.ogg,1,Nick Komar
banana/XC523837.ogg,3,Mauricio Álvarez-Rebolledo (Colección de Sonidos Ambientales - Instituto Humboldt)
banana/XC837614.ogg,1,Francisco contreras
banana/XC393396.ogg,1,Nick Komar
banana/XC46763.ogg,4,Mike Nelson
banana/XC28577.ogg,1,Daniel Lane
banana/iNat1663739.ogg,1,Vincent Mia Edie Verheyen
banana/iNat424231.ogg,1,Alan Weakley
banana/iNat1467994.ogg,3,Guille Ivan Spajic
banana/XC173288.ogg,3,Eric DeFonso
banana/XC816884.ogg,2,JAYRSON ARAUJO DE OLIVEIRA
banana/iNat326637.ogg,0,Gustavo Gonsioroski
banana/XC706371.ogg,4,Mauricio Cuéllar Ramírez
banana/iNat864851.ogg,4,Bert Harris
banana/XC127222.ogg,4,Oswaldo Cortes
banana/XC372724.ogg,1,Albert Lastukhin
banana/XC948862.ogg,2,Carlos Delgado JUMABITA
banana/XC1035885.ogg,4,Mauricio Cuéllar-Ramírez
banana/XC175745.ogg,2,João Antônio de B. Vitto
banana/XC843854.ogg,0,Mateus Gonçalves Santos
banana/XC725276.ogg,2,JAYRSON ARAUJO DE OLIVEIRA
banana/iNat353343.ogg,4,Unknown
banana/XC538271.ogg,4,Yoann Blanchon
banana/iNat635383.ogg,3,Zac Peterson
banana/iNat33115.ogg,2,kwetterg
banana/iNat521485.ogg,2,nailiet_rodriguez
banana/XC58868.ogg,2,Myornis
banana/XC401626.ogg,3,Diana Carolina Macana
banana/iNat1721082.ogg,0,Richard Littauer
banana/XC825068.ogg,1,rudy gelis
banana/iNat1569971.ogg,1,Jackson Frost
banana/XC864623.ogg,4,Scott Olmstead
banana/XC1034681.ogg,2,JAYRSON ARAUJO DE OLIVEIRA
banana/XC659497.ogg,2,JAYRSON ARAUJO DE OLIVEIRA
banana/XC713835.ogg,3,Bobby Wilcox
banana/XC998280.ogg,1,Paul Driver
banana/XC860344.ogg,2,JAYRSON ARAUJO DE OLIVEIRA
banana/XC799776.ogg,3,Dante Buzzetti
banana/XC215676.ogg,0,Terry Davis
banana/XC297013.ogg,4,Ross Gallardy
banana/iNat1496209.ogg,2,Rafael Fernandes
banana/XC771681.ogg,0,David Monroy Rengifo
banana/XC653323.ogg,4,Jacob Wijpkema
banana/XC180504.ogg,4,Mike Nelson
banana/iNat964606.ogg,1,Evandro Mariano
banana/iNat1720272.ogg,0,Richard Littauer
banana/XC757619.ogg,3,Robert Benson
banana/iNat1157593.ogg,4,Unknown
banana/iNat1647768.ogg,4,Brian Wulker
banana/XC308651.ogg,4,Ross Gallardy
banana/XC259502.ogg,4,John V. Moore
banana/iNat964608.ogg,1,Evandro Mariano
banana/XC146976.ogg,1,Rafael Antunes Dias
banana/XC775648.ogg,1,Paul Driver
banana/XC495668.ogg,4,David Darrell-Lambert
banana/iNat928040.ogg,0,abqtree
banana/XC778612.ogg,4,ABirder
banana/XC430035.ogg,2,François N. Sagot-Martin
banana/iNat1423073.ogg,4,Unknown
banana/XC1069087.ogg,1,Fabrice Schmitt
banana/XC737964.ogg,2,Yair Guillermo Molina Martínez.
banana/XC347839.ogg,4,Ottavio Janni
banana/XC427233.ogg,2,Caio Brito
banana/XC416125.ogg,3,Bobby Wilcox
banana/XC437549.ogg,2,Kent Livezey
banana/XC422567.ogg,0,Fernando Igor de Godoy
banana/iNat1433255.ogg,0,Données de seconde main saisies par Julien Piolain
banana/iNat1403373.ogg,2,estelle973
banana/iNat1019241.ogg,4,Jadiel J. García Peña
banana/XC331386.ogg,3,Bobby Wilcox
banana/XC768806.ogg,2,JAYRSON ARAUJO DE OLIVEIRA
banana/XC372722.ogg,1,Albert Lastukhin
banana/iNat239520.ogg,0,Gustavo Gonsioroski
banana/XC450975.ogg,0,Leonardo Ordóñez-Delgado
banana/XC186138.ogg,0,Fernando Igor de Godoy
banana/XC384662.ogg,4,Antônio Cláudio C. Almeida
banana/XC782352.ogg,2,JAYRSON ARAUJO DE OLIVEIRA
banana/XC413191.ogg,1,Paul Marvin
banana/iNat693716.ogg,2,cassi saari
banana/XC196395.ogg,3,Alex Bovo
banana/iNat1564205.ogg,3,giuliabellinati
banana/XC196681.ogg,4,Orlando Jarquín G.
banana/XC1028247.ogg,2,Islas Secas Resort
banana/iNat1092040.ogg,3,Giovanna Roque de Castro
banana/XC1059797.ogg,4,Juan Pablo Valencia-Valderrama
banana/iNat1371831.ogg,2,Yeliz
banana/XC489594.ogg,3,GABRIEL LEITE
banana/XC622477.ogg,1,Mauricio Cuellar Ramirez (@Birding.travel)
banana/XC754861.ogg,2,Vanessa Morais
banana/XC120035.ogg,3,GABRIEL LEITE
banana/XC262502.ogg,1,Olaf Jahn
banana/XC519808.ogg,2,Rolf A. de By
banana/iNat592080.ogg,3,Zac Peterson
banana/iNat1722640.ogg,2,Julia Jacielle Maciel Souza
banana/XC375205.ogg,1,Ricardo José Mitidieri
banana/iNat1630115.ogg,2,thierry_dubuc
banana/iNat615009.ogg,3,Luke Padon
banana/XC84474.ogg,1,Jeremy Minns
banana/XC957251.ogg,4,Scott Olmstead
banana/XC316990.ogg,4,Guy Kirwan
banana/iNat635377.ogg,3,Zac Peterson
banana/iNat368645.ogg,0,steve b
banana/XC946049.ogg,4,Cristian Rodas
banana/XC444909.ogg,3,Rosendo Manuel Fraga
banana/XC689903.ogg,3,Dante Buzzetti
banana/iNat858225.ogg,0,Susan Fawcett
banana/XC169849.ogg,4,Roney Assis Souza
banana/XC170035.ogg,4,Roney Assis Souza
banana/XC116098.ogg,4,Oswaldo Cortes
banana/XC345364.ogg,0,Tulio Dornas
banana/iNat1208541.ogg,4,Unknown
banana/XC419425.ogg,0,Fernando Igor de Godoy
banana/iNat33119.ogg,2,kwetterg
banana/XC116489.ogg,4,Scott Olmstead
banana/iNat32317.ogg,3,Jordan Broadhead
banana/iNat278088.ogg,4,Unknown
banana/XC340263.ogg,3,GABRIEL LEITE
banana/XC262505.ogg,1,Olaf Jahn
banana/iNat1192531.ogg,1,Facundo Varela Barros
banana/XC460314.ogg,0,Dan Lane
banana/XC924677.ogg,2,JAYRSON ARAUJO DE OLIVEIRA
banana/XC70807.ogg,1,Daniel Lane
banana/XC214711.ogg,4,Joe Klaiber
banana/XC616607.ogg,3,Dante Buzzetti
banana/XC146937.ogg,0,Josh Engel
banana/XC783178.ogg,0,Peter de Rouw
banana/XC37645.ogg,1,Bob Planqué
banana/XC591270.ogg,2,JAYRSON ARAUJO DE OLIVEIRA
banana/XC576031.ogg,3,Felipe Arantes
banana/XC524994.ogg,2,Mauricio Álvarez-Rebolledo
banana/XC233959.ogg,4,Jerome Fischer
banana/XC250684.ogg,3,Niels Krabbe
banana/XC288954.ogg,4,Jerome Fischer
banana/iNat1601568.ogg,4,Mabelin
banana/XC419426.ogg,0,Fernando Igor de Godoy
banana/XC196936.ogg,0,Leonardo Ordóñez-Delgado
banana/iNat1041315.ogg,3,mightyherpules
banana/iNat612765.ogg,1,Lygia
banana/XC123772.ogg,4,William Adsett 
banana/iNat344526.ogg,4,Unknown
banana/XC830531.ogg,2,JAYRSON ARAUJO DE OLIVEIRA
banana/iNat1299844.ogg,2,caroline
banana/XC489021.ogg,3,Nathan Pieplow
banana/XC242441.ogg,3,Niels Krabbe
banana/XC84790.ogg,1,Jeremy Minns
banana/XC529499.ogg,3,Daniel Cadena (Colección de Sonidos Ambientales - Instituto Humboldt)
banana/iNat599949.ogg,3,Zac Peterson
banana/XC789043.ogg,2,JAYRSON ARAUJO DE OLIVEIRA
banana/XC59515.ogg,4,Mike Nelson
banana/iNat356423.ogg,0,mrdy5
banana/XC520548.ogg,2,Yair Guillermo Molina Martínez.
banana/iNat298967.ogg,0,Claudio Martins de Souza
banana/XC151364.ogg,1,Antonio Silveira
banana/iNat1690887.ogg,3,Claire O'Neill
banana/XC736959.ogg,2,Shelby M Palmer
banana/XC690553.ogg,0,Sue Riffe
banana/XC523838.ogg,3,Mauricio Álvarez-Rebolledo (Colección de Sonidos Ambientales - Instituto Humboldt)
banana/XC214524.ogg,1,Oscar Humberto Marin-Gomez
banana/iNat277214.ogg,0,Sydney Gerig
banana/XC1016729.ogg,4,Stephan Risch
banana/iNat1009822.ogg,2,inesavasconcelos
banana/iNat912490.ogg,1,Blake Ross
banana/XC856541.ogg,0,Michael Hurben
banana/XC406935.ogg,2,Myornis
banana/XC838476.ogg,1,Francisco contreras
banana/XC84475.ogg,1,Jeremy Minns
banana/XC192713.ogg,0,Roberto Buss Stringari
banana/iNat549052.ogg,3,Pedro Henrique Maloso Ramos
banana/XC360208.ogg,1,Oscar Humberto Marin-Gomez
banana/XC32051.ogg,1,Daniel Lane
banana/iNat804530.ogg,1,Guillermo Andreo
banana/XC944744.ogg,4,Johan Chaves
banana/iNat559014.ogg,4,arflorez
banana/XC195411.ogg,0,Leonardo Ordóñez-Delgado
banana/iNat1215338.ogg,0,ruthmarygotay
banana/XC1025691.ogg,2,JAYRSON ARAUJO DE OLIVEIRA
banana/XC939057.ogg,1,Ricardo José Mitidieri
banana/iNat828738.ogg,1,lucasforti
banana/XC33682.ogg,1,Daniel Lane
banana/iNat336997.ogg,4,Unknown
banana/XC122402.ogg,2,Alexandre Bianco
banana/XC465602.ogg,2,Alfonso Auerbach
banana/XC421240.ogg,4,Brice de la Croix
banana/iNat1711277.ogg,4,Carolyn Brown
banana/XC939505.ogg,2,JAYRSON ARAUJO DE OLIVEIRA
banana/XC1069084.ogg,1,Fabrice Schmitt
banana/iNat1448474.ogg,3,Guille Ivan Spajic
banana/XC913488.ogg,2,JAYRSON ARAUJO DE OLIVEIRA
banana/iNat964607.ogg,1,Evandro Mariano
banana/XC277013.ogg,0,Jesse Fagan
banana/XC939911.ogg,2,JAYRSON ARAUJO DE OLIVEIRA
banana/XC1035894.ogg,4,Mauricio Cuéllar-Ramírez
banana/XC387899.ogg,4,Étienne Leroy
banana/XC737041.ogg,2,JAYRSON ARAUJO DE OLIVEIRA
banana/iNat724164.ogg,4,Abhas Misraraj
banana/XC835328.ogg,1,Francisco contreras
banana/iNat1375832.ogg,2,Alejandro Luy
banana/XC303796.ogg,1,Jeremy Minns
banana/XC211366.ogg,1,Nick Komar
banana/iNat1369561.ogg,0,gena of Jesus
banana/iNat613793.ogg,3,Zac Peterson
banana/iNat599945.ogg,3,Zac Peterson
banana/XC346009.ogg,1,Nick Komar
banana/iNat569623.ogg,4,kuhnigk
banana/iNat1550176.ogg,4,eduplant
banana/iNat643637.ogg,3,Zac Peterson
banana/iNat536802.ogg,1,Enéas V. Gouvêa Junior
banana/iNat277224.ogg,0,Sydney Gerig
banana/XC924682.ogg,2,JAYRSON ARAUJO DE OLIVEIRA
banana/iNat33120.ogg,2,kwetterg
banana/XC269287.ogg,2,Daniel Blamires
banana/XC462887.ogg,0,Leonardo Ordóñez-Delgado
banana/XC84478.ogg,1,Jeremy Minns
banana/XC996292.ogg,3,GABRIEL LEITE
banana/XC939494.ogg,2,JAYRSON ARAUJO DE OLIVEIRA
banana/XC939064.ogg,2,JAYRSON ARAUJO DE OLIVEIRA
banana/XC1056057.ogg,2,Daniel Parker
banana/XC523831.ogg,3,Mauricio Álvarez-Rebolledo (Colección de Sonidos Ambientales - Instituto Humboldt)
banana/XC738630.ogg,2,JAYRSON ARAUJO DE OLIVEIRA
banana/XC360840.ogg,1,Nick Komar
banana/XC524993.ogg,2,Mauricio Álvarez-Rebolledo
banana/XC251903.ogg,3,Eric DeFonso
banana/iNat1282014.ogg,4,Unknown
banana/XC795744.ogg,0,David Monroy Rengifo
banana/XC215659.ogg,0,Terry Davis
banana/XC428514.ogg,2,Victor Antonelli
banana/iNat1407149.ogg,3,joh-barbalat
banana/XC496296.ogg,0,Nicolas Rozo 
banana/iNat502581.ogg,3,Donald Davesne
banana/XC838715.ogg,1,Francisco contreras
banana/iNat1645079.ogg,4,Unknown
banana/XC283825.ogg,4,Jerome Fischer
banana/XC128032.ogg,4,Oscar H. Marín-Gómez
banana/iNat483177.ogg,1,Quentin Groom
banana/iNat1105784.ogg,4,Unknown
banana/XC177791.ogg,1,Antonio Silveira
banana/XC652646.ogg,2,JAYRSON ARAUJO DE OLIVEIRA
banana/XC975698.ogg,3,David Ricardo Rodríguez-Villamil
banana/XC214521.ogg,1,Oscar Humberto Marin-Gomez
banana/XC58865.ogg,2,Myornis
banana/XC32077.ogg,1,Daniel Lane
barant1/iNat1229119.ogg,1,Pablo H Capovilla
barant1/iNat1229122.ogg,1,Pablo H Capovilla
barant1/iNat693448.ogg,3,Eduardo Luis Beltrocco
barant1/iNat768385.ogg,2,Nilo Casco
barant1/iNat768386.ogg,2,Nilo Casco
barant1/iNat526659.ogg,4,Jose Luis Navarro
barant1/XC379472.ogg,0,Evair Legal
barant1/XC936784.ogg,0,Carlos Ferrari
barant1/XC430070.ogg,4,Fernando Cabral
barant1/XC139971.ogg,4,Fernando Cabral
barant1/XC922820.ogg,3,Marcos E. Sosa
barant1/XC897713.ogg,3,Marcos E. Sosa
barant1/iNat863643.ogg,0,Sam Darmstadt
barant1/XC1032319.ogg,3,Bobby Wilcox
barant1/iNat1654575.ogg,3,Nicolas Olejnik
barant1/iNat1629918.ogg,4,Unknown
barant1/XC811143.ogg,2,Franco Vushurovich
barant1/iNat1195342.ogg,2,chrisfarias
barant1/iNat1373931.ogg,2,chrisfarias
barant1/iNat1418545.ogg,2,chrisfarias
barant1/iNat728224.ogg,4,Gonzalo Diaz
barant1/iNat728236.ogg,4,Gonzalo Diaz
barant1/iNat729634.ogg,4,Gonzalo Diaz
barant1/iNat729638.ogg,4,Gonzalo Diaz
barant1/XC559899.ogg,2,Marcelo da Rocha
barant1/iNat196704.ogg,1,Guillermo Menéndez
barant1/XC616635.ogg,4,Guillermo Menéndez (gmmv80)
barant1/iNat1337557.ogg,4,Gonzalo Roget
barant1/XC414684.ogg,2,Franco Vushurovich
barant1/iNat1137123.ogg,3,Pablo
barant1/XC685844.ogg,1,Luiz C.  Silva
barant1/iNat1549145.ogg,4,Paulo C. O. Cunha
barant1/iNat536804.ogg,1,Enéas V. Gouvêa Junior
barant1/iNat1145113.ogg,0,Luciano Bernardes
barant1/iNat368853.ogg,0,Luciano Bernardes
barant1/XC737831.ogg,3,Dante Buzzetti
barant1/iNat451622.ogg,4,Rodrigo Paiva Lázaro
barant1/XC389462.ogg,4,Lari Boesing
barant1/XC444477.ogg,3,Rosendo Manuel Fraga
barant1/iNat1738725.ogg,4,Milena
barant1/XC504813.ogg,0,Fernando Igor de Godoy
barant1/iNat1312495.ogg,0,Miguel A. Paixão
barant1/XC447988.ogg,2,Victor Antonelli
barant1/iNat1325639.ogg,0,Miguel A. Paixão
barant1/iNat318362.ogg,3,Pedro Henrique Maloso Ramos
barant1/iNat171109.ogg,4,Unknown
barant1/iNat218647.ogg,3,eduardah
barant1/XC993193.ogg,3,Dante Buzzetti
barant1/XC492020.ogg,0,Arthur Gomes
barant1/iNat536652.ogg,1,Rodrigo Secolin
barant1/iNat159789.ogg,1,Rodrigo Secolin
barant1/XC454939.ogg,4,Henry Miller Alexandre 
barant1/XC454940.ogg,4,Henry Miller Alexandre 
barant1/XC705070.ogg,0,Fernando Igor de Godoy
barant1/XC616375.ogg,4,Marcelo J Feliti
barant1/XC459559.ogg,2,Marcelo Jordani Feliti
barant1/XC433820.ogg,2,Marcelo Jordani Feliti
barant1/XC496233.ogg,0,Arthur Gomes
barant1/XC212420.ogg,0,Fernando Igor de Godoy
barant1/XC212419.ogg,0,Fernando Igor de Godoy
barant1/XC389172.ogg,4,Lari Boesing
barant1/iNat376882.ogg,4,Danilo Rosa
barant1/XC389124.ogg,4,Lari Boesing
barant1/iNat376846.ogg,4,Danilo Rosa
barant1/XC732448.ogg,4,Jacob Wijpkema
barant1/XC421678.ogg,0,Fernando Igor de Godoy
barant1/XC470902.ogg,3,Ricardo Gagliardi
barant1/XC1000937.ogg,3,Dante Buzzetti
barant1/XC833933.ogg,3,Dante Buzzetti
barant1/XC181687.ogg,1,Antonio Silveira
barant1/iNat1629919.ogg,4,Unknown
barant1/XC151239.ogg,0,Dan Lane
barant1/XC150586.ogg,0,Dan Lane
barant1/XC708676.ogg,0,Fernando Igor de Godoy
barant1/XC2620.ogg,0,Sjoerd Mayer
barant1/XC241079.ogg,1,Jeremy Minns
barant1/XC241075.ogg,1,Jeremy Minns
barant1/XC80114.ogg,1,Jeremy Minns
barant1/XC838412.ogg,2,JAYRSON ARAUJO DE OLIVEIRA
barant1/XC117095.ogg,4,Bruno Arantes de Andrade Bueno
barant1/XC189526.ogg,3,Luiz Gabriel Mazzoni
barant1/XC973711.ogg,3,Dante Buzzetti
barant1/XC706097.ogg,0,Fernando Igor de Godoy
barant1/XC471070.ogg,2,Rolf A. de By
barant1/iNat77628.ogg,1,Lilian Apaza
barant1/iNat77630.ogg,1,Lilian Apaza
barant1/iNat152907.ogg,1,Daniel Galindo
barant1/iNat74158.ogg,1,Carlos Justiniano Parada
barant1/XC2591.ogg,0,Sjoerd Mayer
barant1/XC737489.ogg,2,JAYRSON ARAUJO DE OLIVEIRA
barant1/XC704567.ogg,2,JAYRSON ARAUJO DE OLIVEIRA
barant1/XC124607.ogg,3,Eric DeFonso
barant1/XC123670.ogg,3,Eric DeFonso
barant1/XC707209.ogg,3,GABRIEL LEITE
barant1/iNat1598854.ogg,2,Luis Áureo Pellozo
barant1/XC709805.ogg,2,JAYRSON ARAUJO DE OLIVEIRA
barant1/XC872651.ogg,2,JAYRSON ARAUJO DE OLIVEIRA
barant1/XC872645.ogg,2,JAYRSON ARAUJO DE OLIVEIRA
barant1/XC413857.ogg,2,JAYRSON ARAUJO DE OLIVEIRA
barant1/XC713779.ogg,2,JAYRSON ARAUJO DE OLIVEIRA
barant1/XC599227.ogg,2,JAYRSON ARAUJO DE OLIVEIRA
barant1/XC413856.ogg,2,JAYRSON ARAUJO DE OLIVEIRA
barant1/XC704198.ogg,2,JAYRSON ARAUJO DE OLIVEIRA
barant1/XC913482.ogg,2,JAYRSON ARAUJO DE OLIVEIRA
barant1/XC722934.ogg,2,JAYRSON ARAUJO DE OLIVEIRA
barant1/XC700801.ogg,2,JAYRSON ARAUJO DE OLIVEIRA
barant1/XC743226.ogg,2,JAYRSON ARAUJO DE OLIVEIRA
barant1/XC341069.ogg,1,Jeremy Minns
barant1/XC80113.ogg,1,Jeremy Minns
barant1/XC80112.ogg,1,Jeremy Minns
barant1/XC341066.ogg,1,Jeremy Minns
barant1/XC971830.ogg,2,JAYRSON ARAUJO DE OLIVEIRA
barant1/XC438248.ogg,1,Rosendo Fraga
barant1/XC800348.ogg,2,JAYRSON ARAUJO DE OLIVEIRA
barant1/iNat1580905.ogg,1,Omar Miranda B.
barant1/XC953418.ogg,2,Daniel Blamires
barant1/XC510856.ogg,2,Daniel Blamires
barant1/XC658665.ogg,4,Jacob Wijpkema
barant1/iNat604705.ogg,3,Laurent Quéno
barant1/XC419562.ogg,0,Fernando Igor de Godoy
barant1/XC419561.ogg,0,Fernando Igor de Godoy
barant1/XC840171.ogg,2,JAYRSON ARAUJO DE OLIVEIRA
barant1/XC840165.ogg,2,JAYRSON ARAUJO DE OLIVEIRA
barant1/XC706965.ogg,2,JAYRSON ARAUJO DE OLIVEIRA
barant1/XC699610.ogg,2,JAYRSON ARAUJO DE OLIVEIRA
barant1/XC699615.ogg,2,JAYRSON ARAUJO DE OLIVEIRA
barant1/XC699614.ogg,2,JAYRSON ARAUJO DE OLIVEIRA
barant1/XC400262.ogg,4,Breno Dias Vitorino
barant1/XC241081.ogg,1,Jeremy Minns
barant1/XC829989.ogg,2,Adam Sell
