primary_label,class_name,stage,perch_idxs
1161364,Insecta,sciname_fallback,5743
116570,Reptilia,unmapped,
1176823,Amphibia,sciname_fallback,7018
1491113,Amphibia,unmapped,
1595929,Amphibia,unmapped,
209233,Mammalia,sciname_fallback,4745
22930,Amphibia,sciname_fallback,7037
22956,Amphibia,sciname_fallback,7023
22961,Amphibia,sciname_fallback,7032
22967,Amphibia,sciname_fallback,7002
22973,Amphibia,sciname_fallback,7006
22983,Amphibia,sciname_fallback,7012
22985,Amphibia,sciname_fallback,7030
23150,Amphibia,sciname_fallback,10365
23154,Amphibia,sciname_fallback,10358
23158,Amphibia,sciname_fallback,10359
23176,Amphibia,sciname_fallback,11307
23724,Amphibia,sciname_fallback,10246
24279,Amphibia,sciname_fallback,12393
24285,Amphibia,sciname_fallback,12387
24287,Amphibia,sciname_fallback,12386
24321,Amphibia,sciname_fallback,12373
244024,Insecta,sciname_fallback,11813
25073,Amphibia,unmapped,
25092,Amphibia,sciname_fallback,4504
25214,Amphibia,sciname_fallback,4122
326272,Amphibia,sciname_fallback,10363
41970,Mammalia,sciname_fallback,9609
43435,Mammalia,sciname_fallback,427
47144,Mammalia,sciname_fallback,2158
47158son01,Insecta,unmapped,
47158son02,Insecta,unmapped,
47158son03,Insecta,unmapped,
47158son04,Insecta,unmapped,
47158son05,Insecta,unmapped,
47158son06,Insecta,unmapped,
47158son07,Insecta,unmapped,
47158son08,Insecta,unmapped,
47158son09,Insecta,unmapped,
47158son10,Insecta,unmapped,
47158son11,Insecta,unmapped,
47158son12,Insecta,unmapped,
47158son13,Insecta,unmapped,
47158son14,Insecta,unmapped,
47158son15,Insecta,unmapped,
47158son16,Insecta,unmapped,
47158son17,Insecta,unmapped,
47158son18,Insecta,unmapped,
47158son19,Insecta,unmapped,
47158son20,Insecta,unmapped,
47158son21,Insecta,unmapped,
47158son22,Insecta,unmapped,
47158son23,Insecta,unmapped,
47158son24,Insecta,unmapped,
47158son25,Insecta,unmapped,
476521,Amphibia,sciname_fallback,10376
516975,Mammalia,unmapped,
517063,Amphibia,sciname_fallback,10512
555123,Amphibia,sciname_fallback,1591
555145,Amphibia,sciname_fallback,1601
555146,Amphibia,sciname_fallback,1602
64898,Amphibia,sciname_fallback,516
65377,Amphibia,sciname_fallback,4102
65380,Amphibia,sciname_fallback,4105
66971,Amphibia,sciname_fallback,11273
67107,Amphibia,sciname_fallback,12036
67252,Amphibia,sciname_fallback,13854
70711,Amphibia,sciname_fallback,7019
738183,Mammalia,sciname_fallback,10630
74113,Mammalia,sciname_fallback,1666
74580,Mammalia,unmapped,
760266,Insecta,sciname_fallback,11079
ashgre1,Aves,exact_ebird,6287
astcra1,Aves,exact_ebird,8365
bafcur1,Aves,exact_ebird,3575
baffal1,Aves,exact_ebird,8048
banana,Aves,exact_ebird,3176
barant1,Aves,exact_ebird,13626
batbel1,Aves,exact_ebird,11156
baymac,Aves,exact_ebird,1029
bbwduc,Aves,exact_ebird,4054
bcwfin2,Aves,exact_ebird,8120
bkcdon,Aves,exact_ebird,4286
bkhpar,Aves,exact_ebird,1062
blchaw1,Aves,exact_ebird,1850
blheag1,Aves,exact_ebird,12852
blttit1,Aves,exact_ebird,13752
bncfly,Aves,exact_ebird,8430
bobfly1,Aves,exact_ebird,7738
brcmar1,Aves,exact_ebird,11171
brnowl,Aves,exact_ebird,14210
bucmot4,Aves,exact_ebird,8235
bucpar,Aves,exact_ebird,13652
bufpar,Aves,exact_ebird,460
bunibi1,Aves,exact_ebird,13655
burowl,Aves,exact_ebird,1309
camfli1,Aves,exact_ebird,3181
chacha1,Aves,exact_ebird,9351
chbmoc1,Aves,exact_ebird,8155
chobla1,Aves,exact_ebird,5580
chvcon1,Aves,exact_ebird,3290
cibspi1,Aves,exact_ebird,13255
coffal1,Aves,exact_ebird,8049
compau,Aves,exact_ebird,8965
compot1,Aves,exact_ebird,8957
crbthr1,Aves,exact_ebird,14072
crebec1,Aves,exact_ebird,9568
dwatin1,Aves,exact_ebird,13439
epaori4,Aves,exact_ebird,6445
eulfly1,Aves,exact_ebird,6915
fabwre1,Aves,exact_ebird,2166
fepowl,Aves,exact_ebird,5537
ficman1,Aves,exact_ebird,7503
flawar1,Aves,exact_ebird,8483
fotfly,Aves,exact_ebird,14206
fusfly1,Aves,exact_ebird,3134
gilhum1,Aves,exact_ebird,6264
giwrai1,Aves,exact_ebird,1055
glteme1,Aves,exact_ebird,2630
grasal3,Aves,exact_ebird,12257
greani1,Aves,exact_ebird,3673
greant1,Aves,exact_ebird,13448
greela,Aves,exact_ebird,8460
grekis,Aves,exact_ebird,10505
grepot1,Aves,exact_ebird,8956
gretho2,Aves,exact_ebird,9978
greyel,Aves,exact_ebird,13955
grfdov1,Aves,exact_ebird,7095
grhtan1,Aves,exact_ebird,4860
gycwor1,Aves,exact_ebird,1050
horscr1,Aves,exact_ebird,712
houspa,Aves,exact_ebird,9725
hyamac1,Aves,exact_ebird,726
larela1,Aves,exact_ebird,4531
lesela1,Aves,exact_ebird,4514
lesgrf1,Aves,exact_ebird,4635
limpki,Aves,exact_ebird,1057
linwoo1,Aves,exact_ebird,4365
litcuc2,Aves,exact_ebird,3144
litnig1,Aves,exact_ebird,12583
mabpar,Aves,exact_ebird,11783
magant1,Aves,exact_ebird,2438
magtan2,Aves,exact_ebird,3028
masgna1,Aves,exact_ebird,10916
nacnig1,Aves,exact_ebird,2761
ocecra1,Aves,sciname_fallback,12196
oliwoo1,Aves,exact_ebird,12707
orbtro3,Aves,exact_ebird,6423
orwpar,Aves,exact_ebird,463
osprey,Aves,exact_ebird,9605
pabspi1,Aves,exact_ebird,13235
palhor3,Aves,sciname_fallback,5272
paltan1,Aves,exact_ebird,13684
phecuc1,Aves,exact_ebird,4316
picpig2,Aves,exact_ebird,9768
pirfly1,Aves,exact_ebird,6922
plasla1,Aves,exact_ebird,13635
platyr1,Aves,exact_ebird,6529
plcjay1,Aves,exact_ebird,3806
pluibi1,Aves,exact_ebird,13654
purjay1,Aves,exact_ebird,3809
pvttyr1,Aves,exact_ebird,5987
ragmac1,Aves,exact_ebird,1030
rebscy1,Aves,exact_ebird,2138
recfin1,Aves,exact_ebird,3488
redjun,Aves,exact_ebird,5353
relser1,Aves,exact_ebird,2254
rinkin1,Aves,exact_ebird,7715
rivwar1,Aves,exact_ebird,8491
roahaw,Aves,exact_ebird,12204
rubthr1,Aves,exact_ebird,14140
rufcac2,Aves,exact_ebird,11336
rufcas2,Aves,exact_ebird,2300
rufgna3,Aves,exact_ebird,3333
rufhor2,Aves,exact_ebird,5275
rufnig1,Aves,exact_ebird,894
ruftho1,Aves,exact_ebird,9979
ruftof1,Aves,exact_ebird,10847
rumfly1,Aves,exact_ebird,8494
ruther1,Aves,exact_ebird,13740
rutjac1,Aves,exact_ebird,5296
sabspa1,Aves,exact_ebird,1173
saffin,Aves,exact_ebird,12642
saytan1,Aves,exact_ebird,13685
scadov1,Aves,exact_ebird,3273
schpar1,Aves,exact_ebird,10462
scther1,Aves,exact_ebird,10003
shcfly1,Aves,exact_ebird,8418
shshaw,Aves,exact_ebird,40
shtnig1,Aves,exact_ebird,7449
sibtan2,Aves,exact_ebird,11865
smbani,Aves,exact_ebird,3672
smbtin1,Aves,exact_ebird,3718
sobcac1,Aves,exact_ebird,1926
sobtyr1,Aves,exact_ebird,2123
socfly1,Aves,exact_ebird,8497
sofspi1,Aves,exact_ebird,13250
souant1,Aves,exact_ebird,3491
soulap1,Aves,exact_ebird,14313
souscr1,Aves,exact_ebird,2595
spbant3,Aves,exact_ebird,6367
spispi1,Aves,exact_ebird,13265
sptnig1,Aves,sciname_fallback,886
squcuc1,Aves,exact_ebird,10390
stbwoo2,Aves,exact_ebird,4079
strcuc1,Aves,exact_ebird,13441
strher2,Aves,sciname_fallback,1892
strowl1,Aves,exact_ebird,1233
swthum1,Aves,exact_ebird,4920
swtman1,Aves,exact_ebird,2640
tattin1,Aves,exact_ebird,3722
thlwre1,Aves,exact_ebird,2151
toctou1,Aves,exact_ebird,11859
trokin,Aves,exact_ebird,14204
trsowl,Aves,exact_ebird,7744
undtin1,Aves,exact_ebird,3724
varant1,Aves,exact_ebird,13623
watjac1,Aves,exact_ebird,6639
wesfie1,Aves,exact_ebird,11749
wfwduc1,Aves,exact_ebird,4059
whbant2,Aves,exact_ebird,1549
whbwar2,Aves,exact_ebird,8487
whiwoo1,Aves,exact_ebird,7799
whlspi1,Aves,exact_ebird,13237
whnjay1,Aves,exact_ebird,3810
whtdov,Aves,exact_ebird,7096
whwpic1,Aves,exact_ebird,10411
y00678,Aves,exact_ebird,2241
yebcar,Aves,exact_ebird,9707
yebela1,Aves,exact_ebird,4518
yecmac,Aves,exact_ebird,11045
yecpar,Aves,exact_ebird,1763
yehcar1,Aves,exact_ebird,3980
yeofly1,Aves,exact_ebird,13812
